uuid,event_id,category,type,value,comment,to_ids,date,object_relation,attribute_tag,object_uuid,object_name,object_meta_category,event_info,event_member_org,event_source_org,event_distribution,event_threat_level_id,event_analysis,event_date,event_tag,event_timestamp,first_seen
a623898c-9b0b-4861-8e8b-cf4d2360d362,30411,Network activity,hostname,human.ssmandrou.com,,1,1778574344,,"tsec:ttl:1,admiralty-scale:source-reliability=""a"",golden_ioc,tlp:amber+strict,admiralty-scale:information-credibility=""2""",,,,[CSIRT-ITA-CTI #24075][TLP:AMBER+STRICT] Condivisione di IoC riconducibili ad attore di minaccia avanzata cinese,CSIRT-Italia,CSIRT-Italia,4,High,0,2026-05-12,tlp:amber+strict,1778574434,2024-08-21
0f44d5be-a5b5-41a8-a6bb-57afa88a5e4a,30411,Network activity,hostname,mail.ssmandrou.com,,1,1778574343,,"admiralty-scale:source-reliability=""a"",tsec:ttl:174,golden_ioc,admiralty-scale:information-credibility=""2"",tlp:amber+strict",,,,[CSIRT-ITA-CTI #24075][TLP:AMBER+STRICT] Condivisione di IoC riconducibili ad attore di minaccia avanzata cinese,CSIRT-Italia,CSIRT-Italia,4,High,0,2026-05-12,tlp:amber+strict,1778574434,2024-03-07
84bb48ce-0fe2-4654-96bf-6082f2f568e4,30411,Network activity,hostname,market.ssmandrou.com,,1,1778574343,,"tsec:ttl:1,golden_ioc,admiralty-scale:source-reliability=""a"",admiralty-scale:information-credibility=""2"",tlp:amber+strict",,,,[CSIRT-ITA-CTI #24075][TLP:AMBER+STRICT] Condivisione di IoC riconducibili ad attore di minaccia avanzata cinese,CSIRT-Italia,CSIRT-Italia,4,High,0,2026-05-12,tlp:amber+strict,1778574434,2024-08-21
7d68f807-73a7-4bfb-a897-2b55b440a74f,30411,Network activity,hostname,yahoo.ssmandrou.com,,1,1778574344,,"tsec:ttl:1,admiralty-scale:source-reliability=""a"",admiralty-scale:information-credibility=""2"",golden_ioc,tlp:amber+strict",,,,[CSIRT-ITA-CTI #24075][TLP:AMBER+STRICT] Condivisione di IoC riconducibili ad attore di minaccia avanzata cinese,CSIRT-Italia,CSIRT-Italia,4,High,0,2026-05-12,tlp:amber+strict,1778574434,2024-08-21
d8f57b1c-b642-4f42-8a8c-461a6905e1d9,30411,Network activity,hostname,hotline.ssmandrou.com,,1,1778574345,,"tsec:ttl:1,admiralty-scale:source-reliability=""a"",golden_ioc,tlp:amber+strict,admiralty-scale:information-credibility=""2""",,,,[CSIRT-ITA-CTI #24075][TLP:AMBER+STRICT] Condivisione di IoC riconducibili ad attore di minaccia avanzata cinese,CSIRT-Italia,CSIRT-Italia,4,High,0,2026-05-12,tlp:amber+strict,1778574434,2024-08-21
2a14d46e-e376-4747-b2eb-5121f56c60f7,30411,Network activity,hostname,dc7.standiran.com,,1,1778574346,,"tsec:ttl:1,admiralty-scale:source-reliability=""a"",golden_ioc,tlp:amber+strict,admiralty-scale:information-credibility=""2""",,,,[CSIRT-ITA-CTI #24075][TLP:AMBER+STRICT] Condivisione di IoC riconducibili ad attore di minaccia avanzata cinese,CSIRT-Italia,CSIRT-Italia,4,High,0,2026-05-12,tlp:amber+strict,1778574434,2023-04-06
440df008-84d3-45af-9bab-0b17b7ec7759,30411,Network activity,hostname,staging.ssmandrou.com,,1,1778574346,,"tsec:ttl:1,admiralty-scale:source-reliability=""a"",golden_ioc,admiralty-scale:information-credibility=""2"",tlp:amber+strict",,,,[CSIRT-ITA-CTI #24075][TLP:AMBER+STRICT] Condivisione di IoC riconducibili ad attore di minaccia avanzata cinese,CSIRT-Italia,CSIRT-Italia,4,High,0,2026-05-12,tlp:amber+strict,1778574434,2024-08-21
cd2a475b-beb9-4e62-878b-8d5acc8be016,30411,Artifacts dropped,sha256,a6d184715cbb596edac024089ae493785ba3c4519b493946c8f850b4bd08836c,,1,1778574346,,"tsec:ttl:350,admiralty-scale:source-reliability=""a"",golden_ioc,admiralty-scale:information-credibility=""1"",tlp:amber+strict",,,,[CSIRT-ITA-CTI #24075][TLP:AMBER+STRICT] Condivisione di IoC riconducibili ad attore di minaccia avanzata cinese,CSIRT-Italia,CSIRT-Italia,4,High,0,2026-05-12,tlp:amber+strict,1778574434,2024-09-26
07bce125-d2f5-4089-8591-42af5e7058fc,30411,Network activity,hostname,tm.ssmandrou.com,,1,1778574376,,"tsec:ttl:1,admiralty-scale:information-credibility=""2"",golden_ioc,admiralty-scale:source-reliability=""a"",tlp:amber+strict",,,,[CSIRT-ITA-CTI #24075][TLP:AMBER+STRICT] Condivisione di IoC riconducibili ad attore di minaccia avanzata cinese,CSIRT-Italia,CSIRT-Italia,4,High,0,2026-05-12,tlp:amber+strict,1778574434,2024-08-21
488c76c9-54f5-4510-b2bd-720007136ece,30411,Artifacts dropped,sha256,3a86e7e5966c180e2df3082861b23e3ddb3ed7790d37671f11f8d18731c06c0e,,1,1778574347,,"admiralty-scale:source-reliability=""a"",golden_ioc,tlp:amber+strict,admiralty-scale:information-credibility=""1"",tsec:ttl:704",,,,[CSIRT-ITA-CTI #24075][TLP:AMBER+STRICT] Condivisione di IoC riconducibili ad attore di minaccia avanzata cinese,CSIRT-Italia,CSIRT-Italia,4,High,0,2026-05-12,tlp:amber+strict,1778574434,2023-10-07
c1cc46c0-ef47-429b-832c-04c318753068,30411,Network activity,hostname,www.articles.ssmandrou.com,,1,1778574370,,"tsec:ttl:1,admiralty-scale:source-reliability=""a"",golden_ioc,admiralty-scale:information-credibility=""2"",tlp:amber+strict",,,,[CSIRT-ITA-CTI #24075][TLP:AMBER+STRICT] Condivisione di IoC riconducibili ad attore di minaccia avanzata cinese,CSIRT-Italia,CSIRT-Italia,4,High,0,2026-05-12,tlp:amber+strict,1778574434,2024-08-21
4bb2337d-3e0c-4048-9a40-b0fcae36fae2,30411,Network activity,hostname,umk27.ourhobby.com,,1,1778574365,,"admiralty-scale:source-reliability=""a"",tsec:ttl:272,golden_ioc,admiralty-scale:information-credibility=""2"",tlp:amber+strict",,,,[CSIRT-ITA-CTI #24075][TLP:AMBER+STRICT] Condivisione di IoC riconducibili ad attore di minaccia avanzata cinese,CSIRT-Italia,CSIRT-Italia,4,High,0,2026-05-12,tlp:amber+strict,1778574434,2024-05-16
7a568579-8149-4a61-a003-815d5afb44fd,30411,Network activity,hostname,n1.ssmandrou.com,,1,1778574349,,"tsec:ttl:1,admiralty-scale:source-reliability=""a"",golden_ioc,admiralty-scale:information-credibility=""2"",tlp:amber+strict",,,,[CSIRT-ITA-CTI #24075][TLP:AMBER+STRICT] Condivisione di IoC riconducibili ad attore di minaccia avanzata cinese,CSIRT-Italia,CSIRT-Italia,4,High,0,2026-05-12,tlp:amber+strict,1778574434,2024-08-21
463dca38-454b-41ef-b4ad-62b3fd6bb93f,30411,Artifacts dropped,sha256,827d692beee3137b33ffcbf08acd3f161adb3c4d5e29e0c205520b24deb4b751,,1,1778574348,,"tsec:ttl:350,admiralty-scale:source-reliability=""a"",admiralty-scale:information-credibility=""1"",golden_ioc,tlp:amber+strict",,,,[CSIRT-ITA-CTI #24075][TLP:AMBER+STRICT] Condivisione di IoC riconducibili ad attore di minaccia avanzata cinese,CSIRT-Italia,CSIRT-Italia,4,High,0,2026-05-12,tlp:amber+strict,1778574434,2024-09-26
6a0d628c-521f-44b2-87be-f6513fce86a4,30411,Network activity,hostname,www.members.ssmandrou.com,,1,1778574347,,"tsec:ttl:1,admiralty-scale:source-reliability=""a"",golden_ioc,admiralty-scale:information-credibility=""2"",tlp:amber+strict",,,,[CSIRT-ITA-CTI #24075][TLP:AMBER+STRICT] Condivisione di IoC riconducibili ad attore di minaccia avanzata cinese,CSIRT-Italia,CSIRT-Italia,4,High,0,2026-05-12,tlp:amber+strict,1778574434,2024-08-21
d21f4485-a44e-49a7-9732-3dfa1cc8337b,30411,Network activity,hostname,dashboard.net.opiraninsitute.ml,,1,1778574350,,"golden_ioc,admiralty-scale:source-reliability=""a"",tsec:ttl:2,admiralty-scale:information-credibility=""2"",tlp:amber+strict",,,,[CSIRT-ITA-CTI #24075][TLP:AMBER+STRICT] Condivisione di IoC riconducibili ad attore di minaccia avanzata cinese,CSIRT-Italia,CSIRT-Italia,4,High,0,2026-05-12,tlp:amber+strict,1778574434,2023-06-12
1a6a6380-999c-4d2f-bb67-c2c4f34f0a76,30411,Network activity,hostname,smtps.bouzay.xyz,,1,1778574377,,"golden_ioc,tsec:ttl:1,admiralty-scale:source-reliability=""a"",admiralty-scale:information-credibility=""2"",tlp:amber+strict",,,,[CSIRT-ITA-CTI #24075][TLP:AMBER+STRICT] Condivisione di IoC riconducibili ad attore di minaccia avanzata cinese,CSIRT-Italia,CSIRT-Italia,4,High,0,2026-05-12,tlp:amber+strict,1778574434,2024-02-11
acdae50b-59f5-47b5-a2f0-0ab1350224c7,30411,Artifacts dropped,sha256,8ae738f25c58084800068528c8899e1da54766ffa96044798ef85de57bac5ad4,,1,1778574366,,"admiralty-scale:source-reliability=""a"",golden_ioc,tsec:ttl:538,admiralty-scale:information-credibility=""1"",tlp:amber+strict",,,,[CSIRT-ITA-CTI #24075][TLP:AMBER+STRICT] Condivisione di IoC riconducibili ad attore di minaccia avanzata cinese,CSIRT-Italia,CSIRT-Italia,4,High,0,2026-05-12,tlp:amber+strict,1778574434,2024-03-22
a3e43d25-4240-4403-b8e6-f64ce34e85a0,30411,Artifacts dropped,sha256,ecba57d21ed7c6fa0cbfdf88d5997359052c7f7672632c2c967e6c2eda8416c7,,1,1778574371,,"golden_ioc,admiralty-scale:source-reliability=""a"",admiralty-scale:information-credibility=""1"",tsec:ttl:656,tlp:amber+strict",,,,[CSIRT-ITA-CTI #24075][TLP:AMBER+STRICT] Condivisione di IoC riconducibili ad attore di minaccia avanzata cinese,CSIRT-Italia,CSIRT-Italia,4,High,0,2026-05-12,tlp:amber+strict,1778574434,2023-11-24
e2f3fcd7-f4ea-416d-ad4b-cf15d1456aa5,30411,Network activity,hostname,track.ssmandrou.com,,1,1778574348,,"tsec:ttl:1,golden_ioc,admiralty-scale:information-credibility=""2"",admiralty-scale:source-reliability=""a"",tlp:amber+strict",,,,[CSIRT-ITA-CTI #24075][TLP:AMBER+STRICT] Condivisione di IoC riconducibili ad attore di minaccia avanzata cinese,CSIRT-Italia,CSIRT-Italia,4,High,0,2026-05-12,tlp:amber+strict,1778574434,2024-08-21
3819e7be-aa84-4fdb-b555-3e38ef96423e,30411,Network activity,hostname,diamond.ssmandrou.com,,1,1778574371,,"tsec:ttl:1,admiralty-scale:source-reliability=""a"",golden_ioc,admiralty-scale:information-credibility=""2"",tlp:amber+strict",,,,[CSIRT-ITA-CTI #24075][TLP:AMBER+STRICT] Condivisione di IoC riconducibili ad attore di minaccia avanzata cinese,CSIRT-Italia,CSIRT-Italia,4,High,0,2026-05-12,tlp:amber+strict,1778574434,2024-08-21
a1dcfcae-1d56-43b9-a1c0-f74ce020f577,30411,Network activity,hostname,ns32.ssmandrou.com,,1,1778574353,,"tsec:ttl:1,admiralty-scale:source-reliability=""a"",admiralty-scale:information-credibility=""2"",golden_ioc,tlp:amber+strict",,,,[CSIRT-ITA-CTI #24075][TLP:AMBER+STRICT] Condivisione di IoC riconducibili ad attore di minaccia avanzata cinese,CSIRT-Italia,CSIRT-Italia,4,High,0,2026-05-12,tlp:amber+strict,1778574434,2024-08-21
e8ccf805-9b02-4db7-94fd-3d616745e91e,30411,Artifacts dropped,sha256,141bc0c7413665970cc33ba7b31f8e2ab0d1f9fb0363478aa6d3fd444e6745a4,,1,1778574366,,"tsec:ttl:350,admiralty-scale:source-reliability=""a"",golden_ioc,admiralty-scale:information-credibility=""1"",tlp:amber+strict",,,,[CSIRT-ITA-CTI #24075][TLP:AMBER+STRICT] Condivisione di IoC riconducibili ad attore di minaccia avanzata cinese,CSIRT-Italia,CSIRT-Italia,4,High,0,2026-05-12,tlp:amber+strict,1778574434,2024-09-26
18537cd0-32c3-4a65-ac86-115f6a780a67,30411,Artifacts dropped,sha256,9d4b56160a652bbf060a1b42175952ef9288492048d6d747cbce5dbb6efc805f,,1,1778574380,,"admiralty-scale:source-reliability=""a"",golden_ioc,tsec:ttl:538,admiralty-scale:information-credibility=""1"",tlp:amber+strict",,,,[CSIRT-ITA-CTI #24075][TLP:AMBER+STRICT] Condivisione di IoC riconducibili ad attore di minaccia avanzata cinese,CSIRT-Italia,CSIRT-Italia,4,High,0,2026-05-12,tlp:amber+strict,1778574434,2024-03-22
c00fce59-7372-4115-b581-e7de1a999be7,30411,Network activity,hostname,htest.strangled.net,,1,1778574351,,"tsec:ttl:1,admiralty-scale:source-reliability=""a"",golden_ioc,admiralty-scale:information-credibility=""2"",tlp:amber+strict",,,,[CSIRT-ITA-CTI #24075][TLP:AMBER+STRICT] Condivisione di IoC riconducibili ad attore di minaccia avanzata cinese,CSIRT-Italia,CSIRT-Italia,4,High,0,2026-05-12,tlp:amber+strict,1778574434,2023-05-01
980be7ab-f331-414f-825d-a812f7917ae6,30411,Network activity,hostname,www.vip.ssmandrou.com,,1,1778574353,,"tsec:ttl:1,admiralty-scale:source-reliability=""a"",golden_ioc,tlp:amber+strict,admiralty-scale:information-credibility=""2""",,,,[CSIRT-ITA-CTI #24075][TLP:AMBER+STRICT] Condivisione di IoC riconducibili ad attore di minaccia avanzata cinese,CSIRT-Italia,CSIRT-Italia,4,High,0,2026-05-12,tlp:amber+strict,1778574434,2024-08-21
7b9b870e-1abf-4836-90bf-b5074d42a398,30411,Artifacts dropped,sha256,14b7f19c2ade902f0809fcd30521084369c4a8cbc9c161b2c9aab35d2aa47394,,1,1778574353,,"admiralty-scale:source-reliability=""a"",golden_ioc,tsec:ttl:704,tlp:amber+strict,admiralty-scale:information-credibility=""1""",,,,[CSIRT-ITA-CTI #24075][TLP:AMBER+STRICT] Condivisione di IoC riconducibili ad attore di minaccia avanzata cinese,CSIRT-Italia,CSIRT-Italia,4,High,0,2026-05-12,tlp:amber+strict,1778574434,2023-10-07
0a6490cb-4f7d-45b0-8e8c-212133cbdc54,30411,Network activity,hostname,tulip.ssmandrou.com,,1,1778574350,,"tsec:ttl:1,admiralty-scale:source-reliability=""a"",golden_ioc,admiralty-scale:information-credibility=""2"",tlp:amber+strict",,,,[CSIRT-ITA-CTI #24075][TLP:AMBER+STRICT] Condivisione di IoC riconducibili ad attore di minaccia avanzata cinese,CSIRT-Italia,CSIRT-Italia,4,High,0,2026-05-12,tlp:amber+strict,1778574434,2024-08-21
26cf9cbe-acc5-443d-933e-9376562771e1,30411,Network activity,hostname,m.ssmandrou.com,,1,1778574351,,"golden_ioc,admiralty-scale:source-reliability=""a"",tsec:ttl:1,admiralty-scale:information-credibility=""2"",tlp:amber+strict",,,,[CSIRT-ITA-CTI #24075][TLP:AMBER+STRICT] Condivisione di IoC riconducibili ad attore di minaccia avanzata cinese,CSIRT-Italia,CSIRT-Italia,4,High,0,2026-05-12,tlp:amber+strict,1778574434,2024-08-21
59db9adf-f01a-4f9f-ba0c-b6883955d396,30411,Network activity,hostname,maestro.ssmandrou.com,,1,1778574381,,"tsec:ttl:1,golden_ioc,admiralty-scale:source-reliability=""a"",admiralty-scale:information-credibility=""2"",tlp:amber+strict",,,,[CSIRT-ITA-CTI #24075][TLP:AMBER+STRICT] Condivisione di IoC riconducibili ad attore di minaccia avanzata cinese,CSIRT-Italia,CSIRT-Italia,4,High,0,2026-05-12,tlp:amber+strict,1778574434,2024-08-21
8b1a1789-9596-4e53-a601-15131d233a4f,30411,Network activity,hostname,www.ads.ssmandrou.com,,1,1778574352,,"tsec:ttl:1,admiralty-scale:source-reliability=""a"",admiralty-scale:information-credibility=""2"",golden_ioc,tlp:amber+strict",,,,[CSIRT-ITA-CTI #24075][TLP:AMBER+STRICT] Condivisione di IoC riconducibili ad attore di minaccia avanzata cinese,CSIRT-Italia,CSIRT-Italia,4,High,0,2026-05-12,tlp:amber+strict,1778574434,2024-08-21
b4d6130b-89da-44c6-bde5-83490472d85b,30411,Network activity,hostname,vm2.ssmandrou.com,,1,1778574372,,"tsec:ttl:1,admiralty-scale:source-reliability=""a"",admiralty-scale:information-credibility=""2"",golden_ioc,tlp:amber+strict",,,,[CSIRT-ITA-CTI #24075][TLP:AMBER+STRICT] Condivisione di IoC riconducibili ad attore di minaccia avanzata cinese,CSIRT-Italia,CSIRT-Italia,4,High,0,2026-05-12,tlp:amber+strict,1778574434,2024-08-21
4f76e012-9472-4e57-8786-c8c93714566b,30411,Network activity,hostname,repository.ssmandrou.com,,1,1778574354,,"admiralty-scale:source-reliability=""a"",tsec:ttl:1,golden_ioc,admiralty-scale:information-credibility=""2"",tlp:amber+strict",,,,[CSIRT-ITA-CTI #24075][TLP:AMBER+STRICT] Condivisione di IoC riconducibili ad attore di minaccia avanzata cinese,CSIRT-Italia,CSIRT-Italia,4,High,0,2026-05-12,tlp:amber+strict,1778574434,2024-08-21
39659f71-571b-4891-86a1-d7cc155b2777,30411,Artifacts dropped,sha256,208f40a1967ab76208991843c38b14f3fd5c28b27775a415cb128ba769c476ce,,1,1778574367,,"tsec:ttl:350,admiralty-scale:source-reliability=""a"",golden_ioc,admiralty-scale:information-credibility=""1"",tlp:amber+strict",,,,[CSIRT-ITA-CTI #24075][TLP:AMBER+STRICT] Condivisione di IoC riconducibili ad attore di minaccia avanzata cinese,CSIRT-Italia,CSIRT-Italia,4,High,0,2026-05-12,tlp:amber+strict,1778574434,2024-09-26
2d85f269-d8a7-4c81-bc5f-c607ac549cbd,30411,Network activity,hostname,ssmandrou.com,,1,1778574355,,"admiralty-scale:source-reliability=""a"",tsec:ttl:240,golden_ioc,admiralty-scale:information-credibility=""2"",tlp:amber+strict",,,,[CSIRT-ITA-CTI #24075][TLP:AMBER+STRICT] Condivisione di IoC riconducibili ad attore di minaccia avanzata cinese,CSIRT-Italia,CSIRT-Italia,4,High,0,2026-05-12,tlp:amber+strict,1778574434,2024-01-15
12863790-8042-45b8-b008-feb998a4d864,30411,Network activity,hostname,audi.ssmandrou.com,,1,1778574354,,"tsec:ttl:1,golden_ioc,admiralty-scale:source-reliability=""a"",admiralty-scale:information-credibility=""2"",tlp:amber+strict",,,,[CSIRT-ITA-CTI #24075][TLP:AMBER+STRICT] Condivisione di IoC riconducibili ad attore di minaccia avanzata cinese,CSIRT-Italia,CSIRT-Italia,4,High,0,2026-05-12,tlp:amber+strict,1778574434,2024-08-21
9af44e17-60fd-44b2-a49b-1ceb1f17529d,30411,Network activity,hostname,sql.ssmandrou.com,,1,1778574381,,"tsec:ttl:1,admiralty-scale:source-reliability=""a"",golden_ioc,admiralty-scale:information-credibility=""2"",tlp:amber+strict",,,,[CSIRT-ITA-CTI #24075][TLP:AMBER+STRICT] Condivisione di IoC riconducibili ad attore di minaccia avanzata cinese,CSIRT-Italia,CSIRT-Italia,4,High,0,2026-05-12,tlp:amber+strict,1778574434,2024-08-21
b4514da2-0b83-4b28-912c-59736f023fff,30411,Network activity,hostname,etc-19sadjs.xyz,,1,1778574355,,"tsec:ttl:1,admiralty-scale:source-reliability=""a"",golden_ioc,admiralty-scale:information-credibility=""2"",tlp:amber+strict",,,,[CSIRT-ITA-CTI #24075][TLP:AMBER+STRICT] Condivisione di IoC riconducibili ad attore di minaccia avanzata cinese,CSIRT-Italia,CSIRT-Italia,4,High,0,2026-05-12,tlp:amber+strict,1778574434,2024-07-04
93eefac3-e77e-4518-bacc-15f373e28420,30411,Network activity,ip-dst,194.68.27.112,,1,1778574372,,"tsec:ttl:350,admiralty-scale:source-reliability=""a"",golden_ioc,admiralty-scale:information-credibility=""2"",tlp:amber+strict",,,,[CSIRT-ITA-CTI #24075][TLP:AMBER+STRICT] Condivisione di IoC riconducibili ad attore di minaccia avanzata cinese,CSIRT-Italia,CSIRT-Italia,4,High,0,2026-05-12,tlp:amber+strict,1778574434,2024-09-26
691cf900-b84b-4db6-9e04-26c0f6c5357e,30411,Network activity,ip-dst,38.60.223.51,,1,1778574382,,"admiralty-scale:source-reliability=""a"",golden_ioc,admiralty-scale:information-credibility=""2"",tsec:ttl:538,tlp:amber+strict",,,,[CSIRT-ITA-CTI #24075][TLP:AMBER+STRICT] Condivisione di IoC riconducibili ad attore di minaccia avanzata cinese,CSIRT-Italia,CSIRT-Italia,4,High,0,2026-05-12,tlp:amber+strict,1778574434,2024-03-22
d1927b69-5362-435e-bf82-6574a3c156f6,30411,Network activity,hostname,zen.ssmandrou.com,,1,1778574377,,"tsec:ttl:1,admiralty-scale:source-reliability=""a"",golden_ioc,admiralty-scale:information-credibility=""2"",tlp:amber+strict",,,,[CSIRT-ITA-CTI #24075][TLP:AMBER+STRICT] Condivisione di IoC riconducibili ad attore di minaccia avanzata cinese,CSIRT-Italia,CSIRT-Italia,4,High,0,2026-05-12,tlp:amber+strict,1778574434,2024-08-21
9d0a1577-7cfb-498a-bbf1-19289117244a,30411,Artifacts dropped,sha256,41e189a5b68f305ab6251a06475b76777bda0d035ea06cd569306ed5c98bdc98,,1,1778574356,,"tsec:ttl:350,admiralty-scale:source-reliability=""a"",admiralty-scale:information-credibility=""1"",golden_ioc,tlp:amber+strict",,,,[CSIRT-ITA-CTI #24075][TLP:AMBER+STRICT] Condivisione di IoC riconducibili ad attore di minaccia avanzata cinese,CSIRT-Italia,CSIRT-Italia,4,High,0,2026-05-12,tlp:amber+strict,1778574434,2024-09-26
0543cc1a-499a-49a1-a617-1b6b75a10e3c,30411,Network activity,hostname,broker.net.opiraninsitute.ml,,1,1778574356,,"tsec:ttl:1,golden_ioc,admiralty-scale:source-reliability=""a"",admiralty-scale:information-credibility=""2"",tlp:amber+strict",,,,[CSIRT-ITA-CTI #24075][TLP:AMBER+STRICT] Condivisione di IoC riconducibili ad attore di minaccia avanzata cinese,CSIRT-Italia,CSIRT-Italia,4,High,0,2026-05-12,tlp:amber+strict,1778574434,2023-06-12
ae7aaadd-f111-4d24-ab5a-aafbfdca33af,30411,Network activity,hostname,yoda.ssmandrou.com,,1,1778574373,,"tsec:ttl:1,admiralty-scale:source-reliability=""a"",golden_ioc,admiralty-scale:information-credibility=""2"",tlp:amber+strict",,,,[CSIRT-ITA-CTI #24075][TLP:AMBER+STRICT] Condivisione di IoC riconducibili ad attore di minaccia avanzata cinese,CSIRT-Italia,CSIRT-Italia,4,High,0,2026-05-12,tlp:amber+strict,1778574434,2024-08-21
ca76637a-9847-4ef1-aaf3-92fb68aa3311,30411,Artifacts dropped,sha256,4f15d66a56e556fc6e08fa86183568fcdd3e35687b16edf2bd6a23169c10ac98,,1,1778574358,,"admiralty-scale:source-reliability=""a"",golden_ioc,tsec:ttl:538,admiralty-scale:information-credibility=""1"",tlp:amber+strict",,,,[CSIRT-ITA-CTI #24075][TLP:AMBER+STRICT] Condivisione di IoC riconducibili ad attore di minaccia avanzata cinese,CSIRT-Italia,CSIRT-Italia,4,High,0,2026-05-12,tlp:amber+strict,1778574434,2024-03-22
6926a1bd-b1d5-45dc-b8a8-4272f2ead656,30411,Network activity,hostname,turnapi.net.opiraninsitute.ml,,1,1778574357,,"admiralty-scale:source-reliability=""a"",tsec:ttl:2,golden_ioc,admiralty-scale:information-credibility=""2"",tlp:amber+strict",,,,[CSIRT-ITA-CTI #24075][TLP:AMBER+STRICT] Condivisione di IoC riconducibili ad attore di minaccia avanzata cinese,CSIRT-Italia,CSIRT-Italia,4,High,0,2026-05-12,tlp:amber+strict,1778574434,2023-06-12
8697de63-9a06-4af5-a989-f2d88226c9cb,30411,Network activity,hostname,rns01.czifaapnwqgdj.com,,1,1778574358,,"tsec:ttl:21,golden_ioc,admiralty-scale:source-reliability=""a"",admiralty-scale:information-credibility=""2"",tlp:amber+strict",,,,[CSIRT-ITA-CTI #24075][TLP:AMBER+STRICT] Condivisione di IoC riconducibili ad attore di minaccia avanzata cinese,CSIRT-Italia,CSIRT-Italia,4,High,0,2026-05-12,tlp:amber+strict,1778574434,2024-10-17
e0f0278b-ed9f-49b1-92cb-8ee3af83ea21,30411,Network activity,hostname,peach.ssmandrou.com,,1,1778574357,,"tsec:ttl:1,admiralty-scale:source-reliability=""a"",golden_ioc,admiralty-scale:information-credibility=""2"",tlp:amber+strict",,,,[CSIRT-ITA-CTI #24075][TLP:AMBER+STRICT] Condivisione di IoC riconducibili ad attore di minaccia avanzata cinese,CSIRT-Italia,CSIRT-Italia,4,High,0,2026-05-12,tlp:amber+strict,1778574434,2024-08-21
af6e2566-f0f9-4d8e-b67e-e485d50aaf3a,30411,Network activity,hostname,bathtub.mynumber.org,,1,1778574367,,"tsec:ttl:357,admiralty-scale:source-reliability=""a"",golden_ioc,tlp:amber+strict,admiralty-scale:information-credibility=""2""",,,,[CSIRT-ITA-CTI #24075][TLP:AMBER+STRICT] Condivisione di IoC riconducibili ad attore di minaccia avanzata cinese,CSIRT-Italia,CSIRT-Italia,4,High,0,2026-05-12,tlp:amber+strict,1778574434,2024-04-09
0d766a1d-e9fa-4086-9a1e-6d2011110d69,30411,Artifacts dropped,sha256,f4858dbf65955802dca511d86fcef4041c9e3ee9456c1d89ac7f4c3c2f5d5fe3,,1,1778574367,,"admiralty-scale:source-reliability=""a"",golden_ioc,admiralty-scale:information-credibility=""1"",tsec:ttl:656,tlp:amber+strict",,,,[CSIRT-ITA-CTI #24075][TLP:AMBER+STRICT] Condivisione di IoC riconducibili ad attore di minaccia avanzata cinese,CSIRT-Italia,CSIRT-Italia,4,High,0,2026-05-12,tlp:amber+strict,1778574434,2023-11-24
456dc39e-4bf6-4f9c-97c6-6487cabe0692,30411,Network activity,hostname,bike.ssmandrou.com,,1,1778574373,,"tsec:ttl:1,admiralty-scale:source-reliability=""a"",golden_ioc,tlp:amber+strict,admiralty-scale:information-credibility=""2""",,,,[CSIRT-ITA-CTI #24075][TLP:AMBER+STRICT] Condivisione di IoC riconducibili ad attore di minaccia avanzata cinese,CSIRT-Italia,CSIRT-Italia,4,High,0,2026-05-12,tlp:amber+strict,1778574434,2024-08-21
6e96ef9e-e128-41fa-807b-3042559f997a,30411,Network activity,hostname,www.bouzav.xyz,,1,1778574359,,"admiralty-scale:source-reliability=""a"",tsec:ttl:257,golden_ioc,admiralty-scale:information-credibility=""2"",tlp:amber+strict",,,,[CSIRT-ITA-CTI #24075][TLP:AMBER+STRICT] Condivisione di IoC riconducibili ad attore di minaccia avanzata cinese,CSIRT-Italia,CSIRT-Italia,4,High,0,2026-05-12,tlp:amber+strict,1778574434,2023-11-25
e5717467-721c-4ee9-a126-83860f84c7d0,30411,Network activity,hostname,turn.net.opiraninsitute.ml,,1,1778574377,,"admiralty-scale:source-reliability=""a"",golden_ioc,admiralty-scale:information-credibility=""2"",tsec:ttl:3,tlp:amber+strict",,,,[CSIRT-ITA-CTI #24075][TLP:AMBER+STRICT] Condivisione di IoC riconducibili ad attore di minaccia avanzata cinese,CSIRT-Italia,CSIRT-Italia,4,High,0,2026-05-12,tlp:amber+strict,1778574434,2023-06-12
54f72f50-4864-4560-928a-e8ef16057c43,30411,Network activity,hostname,lax1.ssmandrou.com,,1,1778574382,,"tsec:ttl:1,admiralty-scale:source-reliability=""a"",golden_ioc,admiralty-scale:information-credibility=""2"",tlp:amber+strict",,,,[CSIRT-ITA-CTI #24075][TLP:AMBER+STRICT] Condivisione di IoC riconducibili ad attore di minaccia avanzata cinese,CSIRT-Italia,CSIRT-Italia,4,High,0,2026-05-12,tlp:amber+strict,1778574434,2024-08-21
55c7b199-841f-4621-b889-600acf89eaeb,30411,Network activity,hostname,m7.ssmandrou.com,,1,1778574359,,"tsec:ttl:1,admiralty-scale:source-reliability=""a"",admiralty-scale:information-credibility=""2"",golden_ioc,tlp:amber+strict",,,,[CSIRT-ITA-CTI #24075][TLP:AMBER+STRICT] Condivisione di IoC riconducibili ad attore di minaccia avanzata cinese,CSIRT-Italia,CSIRT-Italia,4,High,0,2026-05-12,tlp:amber+strict,1778574434,2024-08-21
67395ab0-f02a-486b-8938-14b396cde23e,30411,Network activity,ip-dst,38.60.212.117,,1,1778574360,,"admiralty-scale:source-reliability=""a"",golden_ioc,tsec:ttl:290,admiralty-scale:information-credibility=""2"",tlp:amber+strict",,,,[CSIRT-ITA-CTI #24075][TLP:AMBER+STRICT] Condivisione di IoC riconducibili ad attore di minaccia avanzata cinese,CSIRT-Italia,CSIRT-Italia,4,High,0,2026-05-12,tlp:amber+strict,1778574434,2024-11-25
ba088fc3-4d1c-40af-b901-a6baa27e6ad2,30411,Network activity,hostname,german.ssmandrou.com,,1,1778574368,,"tsec:ttl:1,admiralty-scale:information-credibility=""2"",tlp:amber+strict,golden_ioc,admiralty-scale:source-reliability=""a""",,,,[CSIRT-ITA-CTI #24075][TLP:AMBER+STRICT] Condivisione di IoC riconducibili ad attore di minaccia avanzata cinese,CSIRT-Italia,CSIRT-Italia,4,High,0,2026-05-12,tlp:amber+strict,1778574434,2024-08-21
d02600d4-d112-4120-bc1a-3ef83ef4a221,30411,Artifacts dropped,sha256,1b43fbd4f99d250611852c7f7ae27e88a8e25ba8534c7f78934a196bcc7a0170,,1,1778574360,,"tsec:ttl:361,golden_ioc,admiralty-scale:source-reliability=""a"",admiralty-scale:information-credibility=""1"",tlp:amber+strict",,,,[CSIRT-ITA-CTI #24075][TLP:AMBER+STRICT] Condivisione di IoC riconducibili ad attore di minaccia avanzata cinese,CSIRT-Italia,CSIRT-Italia,4,High,0,2026-05-12,tlp:amber+strict,1778574434,2024-09-14
727f5570-cc5c-4fee-b04d-b106731a1b1e,30411,Network activity,hostname,38.60.223.51.sslip.io,,1,1778574369,,"golden_ioc,admiralty-scale:source-reliability=""a"",tsec:ttl:576,admiralty-scale:information-credibility=""2"",tlp:amber+strict",,,,[CSIRT-ITA-CTI #24075][TLP:AMBER+STRICT] Condivisione di IoC riconducibili ad attore di minaccia avanzata cinese,CSIRT-Italia,CSIRT-Italia,4,High,0,2026-05-12,tlp:amber+strict,1778574434,2023-05-01
90e76946-b698-4629-8b7f-5c650592aeb2,30411,Artifacts dropped,sha256,48b243fd7ed8bc0b7ce663f0b3fc34f07fcf9fb04bf8bceaff8b7453ab4e5318,,1,1778574383,,"tsec:ttl:350,golden_ioc,admiralty-scale:source-reliability=""a"",admiralty-scale:information-credibility=""1"",tlp:amber+strict",,,,[CSIRT-ITA-CTI #24075][TLP:AMBER+STRICT] Condivisione di IoC riconducibili ad attore di minaccia avanzata cinese,CSIRT-Italia,CSIRT-Italia,4,High,0,2026-05-12,tlp:amber+strict,1778574434,2024-09-26
f65ea35f-05fe-41d4-adb9-4a9ae125076d,30411,Network activity,hostname,swf.ssmandrou.com,,1,1778574378,,"tsec:ttl:1,admiralty-scale:source-reliability=""a"",golden_ioc,admiralty-scale:information-credibility=""2"",tlp:amber+strict",,,,[CSIRT-ITA-CTI #24075][TLP:AMBER+STRICT] Condivisione di IoC riconducibili ad attore di minaccia avanzata cinese,CSIRT-Italia,CSIRT-Italia,4,High,0,2026-05-12,tlp:amber+strict,1778574434,2024-08-21
cb0632ee-f782-43a7-8b7d-fdaf516f36c1,30411,Artifacts dropped,sha256,4b50b575d083d01b0d6492f1ee0aacca64db7ebe052d1cbab7a8e5df21689af4,,1,1778574361,,"tsec:ttl:361,admiralty-scale:source-reliability=""a"",golden_ioc,admiralty-scale:information-credibility=""1"",tlp:amber+strict",,,,[CSIRT-ITA-CTI #24075][TLP:AMBER+STRICT] Condivisione di IoC riconducibili ad attore di minaccia avanzata cinese,CSIRT-Italia,CSIRT-Italia,4,High,0,2026-05-12,tlp:amber+strict,1778574434,2024-09-14
08c6c206-03b8-48f4-9b81-af019317e9e5,30411,Network activity,hostname,www.market.ssmandrou.com,,1,1778574361,,"tsec:ttl:1,admiralty-scale:source-reliability=""a"",golden_ioc,admiralty-scale:information-credibility=""2"",tlp:amber+strict",,,,[CSIRT-ITA-CTI #24075][TLP:AMBER+STRICT] Condivisione di IoC riconducibili ad attore di minaccia avanzata cinese,CSIRT-Italia,CSIRT-Italia,4,High,0,2026-05-12,tlp:amber+strict,1778574434,2024-08-21
1a810302-08b7-4722-8877-18415c56fa9c,30411,Network activity,hostname,q1.shalil.top,,1,1778574384,,"tsec:ttl:1,admiralty-scale:source-reliability=""a"",golden_ioc,admiralty-scale:information-credibility=""2"",tlp:amber+strict",,,,[CSIRT-ITA-CTI #24075][TLP:AMBER+STRICT] Condivisione di IoC riconducibili ad attore di minaccia avanzata cinese,CSIRT-Italia,CSIRT-Italia,4,High,0,2026-05-12,tlp:amber+strict,1778574434,2023-04-15
fb31e0e7-5d17-4822-92ea-21a141e2814b,30411,Network activity,hostname,katalog.ssmandrou.com,,1,1778574374,,"tsec:ttl:1,admiralty-scale:source-reliability=""a"",golden_ioc,tlp:amber+strict,admiralty-scale:information-credibility=""2""",,,,[CSIRT-ITA-CTI #24075][TLP:AMBER+STRICT] Condivisione di IoC riconducibili ad attore di minaccia avanzata cinese,CSIRT-Italia,CSIRT-Italia,4,High,0,2026-05-12,tlp:amber+strict,1778574434,2024-08-21
da35c7e7-1957-4ebb-9106-8568fd8a7591,30411,Network activity,hostname,grafana.net.opiraninsitute.ml,,1,1778574362,,"tsec:ttl:1,admiralty-scale:source-reliability=""a"",admiralty-scale:information-credibility=""2"",golden_ioc,tlp:amber+strict",,,,[CSIRT-ITA-CTI #24075][TLP:AMBER+STRICT] Condivisione di IoC riconducibili ad attore di minaccia avanzata cinese,CSIRT-Italia,CSIRT-Italia,4,High,0,2026-05-12,tlp:amber+strict,1778574434,2023-06-12
d2afa621-4f9a-4723-9cf2-f7482bd35063,30411,Network activity,hostname,stun.net.opiraninsitute.ml,,1,1778574363,,"tsec:ttl:1,admiralty-scale:source-reliability=""a"",golden_ioc,admiralty-scale:information-credibility=""2"",tlp:amber+strict",,,,[CSIRT-ITA-CTI #24075][TLP:AMBER+STRICT] Condivisione di IoC riconducibili ad attore di minaccia avanzata cinese,CSIRT-Italia,CSIRT-Italia,4,High,0,2026-05-12,tlp:amber+strict,1778574434,2023-06-12
816dfbf7-49de-4473-8b68-bffa581be90f,30411,Artifacts dropped,sha256,673f73dd92ee34d083b248d1e92afa7a0e19a4f6bb24322b908b6b11ca2ae9a0,,1,1778574383,,"admiralty-scale:source-reliability=""a"",golden_ioc,tsec:ttl:290,admiralty-scale:information-credibility=""1"",tlp:amber+strict",,,,[CSIRT-ITA-CTI #24075][TLP:AMBER+STRICT] Condivisione di IoC riconducibili ad attore di minaccia avanzata cinese,CSIRT-Italia,CSIRT-Italia,4,High,0,2026-05-12,tlp:amber+strict,1778574434,2024-11-25
14d7b3bc-e338-41a9-8541-f73769342921,30411,Network activity,hostname,wwwww.ssmandrou.com,,1,1778574379,,"admiralty-scale:source-reliability=""a"",tsec:ttl:1,golden_ioc,admiralty-scale:information-credibility=""2"",tlp:amber+strict",,,,[CSIRT-ITA-CTI #24075][TLP:AMBER+STRICT] Condivisione di IoC riconducibili ad attore di minaccia avanzata cinese,CSIRT-Italia,CSIRT-Italia,4,High,0,2026-05-12,tlp:amber+strict,1778574434,2024-08-21
1c281e1c-598e-493a-9710-9545aa19905b,30411,Artifacts dropped,sha256,388055b449081923ce2c6dbb6e337664177718d8a6a4f783dc52aaf9f03d2a58,,1,1778574369,,"admiralty-scale:source-reliability=""a"",golden_ioc,tsec:ttl:538,admiralty-scale:information-credibility=""1"",tlp:amber+strict",,,,[CSIRT-ITA-CTI #24075][TLP:AMBER+STRICT] Condivisione di IoC riconducibili ad attore di minaccia avanzata cinese,CSIRT-Italia,CSIRT-Italia,4,High,0,2026-05-12,tlp:amber+strict,1778574434,2024-03-22
7d10bc1a-a659-4139-92bf-8d3eeac4adce,30411,Network activity,hostname,crc.ssmandrou.com,,1,1778574363,,"tsec:ttl:1,admiralty-scale:source-reliability=""a"",golden_ioc,admiralty-scale:information-credibility=""2"",tlp:amber+strict",,,,[CSIRT-ITA-CTI #24075][TLP:AMBER+STRICT] Condivisione di IoC riconducibili ad attore di minaccia avanzata cinese,CSIRT-Italia,CSIRT-Italia,4,High,0,2026-05-12,tlp:amber+strict,1778574434,2024-08-21
56ac574a-5495-4c47-be1c-701ec3c4132c,30411,Network activity,hostname,sec.ssmandrou.com,,1,1778574384,,"tsec:ttl:1,golden_ioc,admiralty-scale:source-reliability=""a"",tlp:amber+strict,admiralty-scale:information-credibility=""2""",,,,[CSIRT-ITA-CTI #24075][TLP:AMBER+STRICT] Condivisione di IoC riconducibili ad attore di minaccia avanzata cinese,CSIRT-Italia,CSIRT-Italia,4,High,0,2026-05-12,tlp:amber+strict,1778574434,2024-08-21
b5e62b4a-b4ed-41bd-9b47-f1b1c41aba91,30411,Artifacts dropped,sha256,5d1ce737a946cbe8e1a130bb1a25b40b8960f8723c78329e8564d12c18fb13db,,1,1778574369,,"admiralty-scale:source-reliability=""a"",tsec:ttl:704,golden_ioc,admiralty-scale:information-credibility=""1"",tlp:amber+strict",,,,[CSIRT-ITA-CTI #24075][TLP:AMBER+STRICT] Condivisione di IoC riconducibili ad attore di minaccia avanzata cinese,CSIRT-Italia,CSIRT-Italia,4,High,0,2026-05-12,tlp:amber+strict,1778574434,2023-10-07
1e4fb8b6-5ccd-43f3-b857-ce5394ddda38,30411,Artifacts dropped,sha256,5fac70bb97d32fd0a02e1972463d95511d973fcaecd2e5e0279df83f04abfa2b,,1,1778574374,,"admiralty-scale:source-reliability=""a"",golden_ioc,admiralty-scale:information-credibility=""1"",tsec:ttl:656,tlp:amber+strict",,,,[CSIRT-ITA-CTI #24075][TLP:AMBER+STRICT] Condivisione di IoC riconducibili ad attore di minaccia avanzata cinese,CSIRT-Italia,CSIRT-Italia,4,High,0,2026-05-12,tlp:amber+strict,1778574434,2023-11-24
8846aff9-0bc0-4f6b-b6fd-6afcccf42e0b,30411,Network activity,hostname,ro.ssmandrou.com,,1,1778574375,,"tsec:ttl:1,golden_ioc,admiralty-scale:source-reliability=""a"",admiralty-scale:information-credibility=""2"",tlp:amber+strict",,,,[CSIRT-ITA-CTI #24075][TLP:AMBER+STRICT] Condivisione di IoC riconducibili ad attore di minaccia avanzata cinese,CSIRT-Italia,CSIRT-Italia,4,High,0,2026-05-12,tlp:amber+strict,1778574434,2024-08-21
c85459f8-b91e-4fee-9cbf-f9d74e929a8a,30411,Network activity,hostname,autoconfig.m.ssmandrou.com,,1,1778574385,,"tsec:ttl:1,admiralty-scale:source-reliability=""a"",golden_ioc,admiralty-scale:information-credibility=""2"",tlp:amber+strict",,,,[CSIRT-ITA-CTI #24075][TLP:AMBER+STRICT] Condivisione di IoC riconducibili ad attore di minaccia avanzata cinese,CSIRT-Italia,CSIRT-Italia,4,High,0,2026-05-12,tlp:amber+strict,1778574434,2024-08-21
b365b5f5-4477-4a9c-8a4f-08b8da75c35e,30411,Network activity,hostname,westeurope.ssmandrou.com,,1,1778574364,,"tsec:ttl:1,admiralty-scale:source-reliability=""a"",golden_ioc,admiralty-scale:information-credibility=""2"",tlp:amber+strict",,,,[CSIRT-ITA-CTI #24075][TLP:AMBER+STRICT] Condivisione di IoC riconducibili ad attore di minaccia avanzata cinese,CSIRT-Italia,CSIRT-Italia,4,High,0,2026-05-12,tlp:amber+strict,1778574434,2024-08-21
84935dc1-7676-4135-a135-22a992a3b89c,30411,Network activity,hostname,lan.ssmandrou.com,,1,1778574385,,"tsec:ttl:1,admiralty-scale:source-reliability=""a"",golden_ioc,admiralty-scale:information-credibility=""2"",tlp:amber+strict",,,,[CSIRT-ITA-CTI #24075][TLP:AMBER+STRICT] Condivisione di IoC riconducibili ad attore di minaccia avanzata cinese,CSIRT-Italia,CSIRT-Italia,4,High,0,2026-05-12,tlp:amber+strict,1778574434,2024-08-21
a93a5d58-372a-432f-a9f6-1c4c8078b799,30411,Artifacts dropped,sha256,b49a6be7ac2a84ee3b8643a818eaceb13510bbd16cb141beb22dc0ec6385998d,,1,1778574364,,"admiralty-scale:source-reliability=""a"",golden_ioc,tsec:ttl:704,admiralty-scale:information-credibility=""1"",tlp:amber+strict",,,,[CSIRT-ITA-CTI #24075][TLP:AMBER+STRICT] Condivisione di IoC riconducibili ad attore di minaccia avanzata cinese,CSIRT-Italia,CSIRT-Italia,4,High,0,2026-05-12,tlp:amber+strict,1778574434,2023-10-07
8e0a4e9e-9541-4d30-8287-94bd29b869b9,30411,Network activity,hostname,sus.ssmandrou.com,,1,1778574379,,"tsec:ttl:1,golden_ioc,admiralty-scale:source-reliability=""a"",admiralty-scale:information-credibility=""2"",tlp:amber+strict",,,,[CSIRT-ITA-CTI #24075][TLP:AMBER+STRICT] Condivisione di IoC riconducibili ad attore di minaccia avanzata cinese,CSIRT-Italia,CSIRT-Italia,4,High,0,2026-05-12,tlp:amber+strict,1778574434,2024-08-21
6ac330a1-fd8e-4834-b0c6-e0fe82a078ed,30411,Network activity,hostname,tiger.ssmandrou.com,,1,1778574370,,"tsec:ttl:1,admiralty-scale:source-reliability=""a"",golden_ioc,admiralty-scale:information-credibility=""2"",tlp:amber+strict",,,,[CSIRT-ITA-CTI #24075][TLP:AMBER+STRICT] Condivisione di IoC riconducibili ad attore di minaccia avanzata cinese,CSIRT-Italia,CSIRT-Italia,4,High,0,2026-05-12,tlp:amber+strict,1778574434,2024-08-21
8eaab66c-1abf-4de1-927c-1ba57ca4a6fc,30411,Network activity,hostname,ns9.ssmandrou.com,,1,1778574376,,"tsec:ttl:1,admiralty-scale:source-reliability=""a"",golden_ioc,admiralty-scale:information-credibility=""2"",tlp:amber+strict",,,,[CSIRT-ITA-CTI #24075][TLP:AMBER+STRICT] Condivisione di IoC riconducibili ad attore di minaccia avanzata cinese,CSIRT-Italia,CSIRT-Italia,4,High,0,2026-05-12,tlp:amber+strict,1778574434,2024-08-21
503d5e9c-27f6-4b1c-a3e3-b669050cadc0,30411,Network activity,hostname,oct.ssmandrou.com,,1,1778574365,,"tsec:ttl:1,admiralty-scale:source-reliability=""a"",golden_ioc,admiralty-scale:information-credibility=""2"",tlp:amber+strict",,,,[CSIRT-ITA-CTI #24075][TLP:AMBER+STRICT] Condivisione di IoC riconducibili ad attore di minaccia avanzata cinese,CSIRT-Italia,CSIRT-Italia,4,High,0,2026-05-12,tlp:amber+strict,1778574434,2024-08-21
49de1b75-b1b7-4418-bae9-d874a8a23a88,30411,Network activity,hostname,xen2.ssmandrou.com,,1,1778574385,,"golden_ioc,admiralty-scale:source-reliability=""a"",tsec:ttl:1,admiralty-scale:information-credibility=""2"",tlp:amber+strict",,,,[CSIRT-ITA-CTI #24075][TLP:AMBER+STRICT] Condivisione di IoC riconducibili ad attore di minaccia avanzata cinese,CSIRT-Italia,CSIRT-Italia,4,High,0,2026-05-12,tlp:amber+strict,1778574434,2024-08-21
197052e8-6377-4d46-a36e-a3f0e42fd2ff,30411,Network activity,hostname,bl.ssmandrou.com,,1,1778574380,,"tsec:ttl:1,admiralty-scale:source-reliability=""a"",golden_ioc,admiralty-scale:information-credibility=""2"",tlp:amber+strict",,,,[CSIRT-ITA-CTI #24075][TLP:AMBER+STRICT] Condivisione di IoC riconducibili ad attore di minaccia avanzata cinese,CSIRT-Italia,CSIRT-Italia,4,High,0,2026-05-12,tlp:amber+strict,1778574434,2024-08-21
e0468de3-bb8f-4708-a95b-cf779561efae,30411,Network activity,hostname,weka.ssmandrou.com,,1,1778574380,,"tsec:ttl:1,admiralty-scale:source-reliability=""a"",golden_ioc,admiralty-scale:information-credibility=""2"",tlp:amber+strict",,,,[CSIRT-ITA-CTI #24075][TLP:AMBER+STRICT] Condivisione di IoC riconducibili ad attore di minaccia avanzata cinese,CSIRT-Italia,CSIRT-Italia,4,High,0,2026-05-12,tlp:amber+strict,1778574434,2024-08-21
8a15a0f5-e8b5-4588-9eb0-09a7f4c9e4ea,30411,Artifacts dropped,sha256,0bdc3beadb30740331e954883de2286af8baf20f5e4e16a29af71afe6f5c9da5,,1,1778574379,,"admiralty-scale:source-reliability=""a"",tsec:ttl:704,admiralty-scale:information-credibility=""1"",golden_ioc,tlp:amber+strict",,,,[CSIRT-ITA-CTI #24075][TLP:AMBER+STRICT] Condivisione di IoC riconducibili ad attore di minaccia avanzata cinese,CSIRT-Italia,CSIRT-Italia,4,High,0,2026-05-12,tlp:amber+strict,1778574434,2023-10-07
ac8c45f2-b371-41db-939c-fe725a0120e5,30411,Network activity,hostname,www.gold.ssmandrou.com,,1,1778574387,,"tsec:ttl:1,admiralty-scale:source-reliability=""a"",golden_ioc,tlp:amber+strict,admiralty-scale:information-credibility=""2""",,,,[CSIRT-ITA-CTI #24075][TLP:AMBER+STRICT] Condivisione di IoC riconducibili ad attore di minaccia avanzata cinese,CSIRT-Italia,CSIRT-Italia,4,High,0,2026-05-12,tlp:amber+strict,1778574434,2024-08-21
0eed3362-2a83-43d8-bd5c-19ed368f7c3e,30411,Network activity,hostname,26vip.novinvip.com,,1,1778574386,,"golden_ioc,admiralty-scale:source-reliability=""a"",tsec:ttl:37,admiralty-scale:information-credibility=""2"",tlp:amber+strict",,,,[CSIRT-ITA-CTI #24075][TLP:AMBER+STRICT] Condivisione di IoC riconducibili ad attore di minaccia avanzata cinese,CSIRT-Italia,CSIRT-Italia,4,High,0,2026-05-12,tlp:amber+strict,1778574434,2023-09-04
a4a0ff7a-44cc-4d42-9037-117f96551696,30411,Network activity,hostname,asb.ssmandrou.com,,1,1778574386,,"tsec:ttl:1,admiralty-scale:source-reliability=""a"",admiralty-scale:information-credibility=""2"",golden_ioc,tlp:amber+strict",,,,[CSIRT-ITA-CTI #24075][TLP:AMBER+STRICT] Condivisione di IoC riconducibili ad attore di minaccia avanzata cinese,CSIRT-Italia,CSIRT-Italia,4,High,0,2026-05-12,tlp:amber+strict,1778574434,2024-08-21
e174b3a3-38d2-4eb5-b7b7-bee38744cf3b,30411,Network activity,hostname,kvm1.ssmandrou.com,,1,1778574387,,"tsec:ttl:1,golden_ioc,admiralty-scale:source-reliability=""a"",admiralty-scale:information-credibility=""2"",tlp:amber+strict",,,,[CSIRT-ITA-CTI #24075][TLP:AMBER+STRICT] Condivisione di IoC riconducibili ad attore di minaccia avanzata cinese,CSIRT-Italia,CSIRT-Italia,4,High,0,2026-05-12,tlp:amber+strict,1778574434,2024-08-21
d5c1e1ab-bf4a-45f2-80ea-e5e6c4b7bdfe,30411,Network activity,hostname,unpub.ssmandrou.com,,1,1778574387,,"admiralty-scale:source-reliability=""a"",tsec:ttl:1,admiralty-scale:information-credibility=""2"",tlp:amber+strict,golden_ioc",,,,[CSIRT-ITA-CTI #24075][TLP:AMBER+STRICT] Condivisione di IoC riconducibili ad attore di minaccia avanzata cinese,CSIRT-Italia,CSIRT-Italia,4,High,0,2026-05-12,tlp:amber+strict,1778574434,2024-08-21
0d9b365f-f337-4d37-9eb2-d4ce06924227,30411,Network activity,hostname,hrtp.zzux.com,,1,1778574388,,"admiralty-scale:source-reliability=""a"",tlp:amber+strict,admiralty-scale:information-credibility=""2"",tsec:ttl:281,golden_ioc",,,,[CSIRT-ITA-CTI #24075][TLP:AMBER+STRICT] Condivisione di IoC riconducibili ad attore di minaccia avanzata cinese,CSIRT-Italia,CSIRT-Italia,4,High,0,2026-05-12,tlp:amber+strict,1778574434,2024-06-18
e0a98cca-511d-4165-9b1e-a2c5937ba8ad,30411,Network activity,hostname,r4.yydso.xyz,,1,1778574388,,"tsec:ttl:143,golden_ioc,admiralty-scale:source-reliability=""a"",admiralty-scale:information-credibility=""2"",tlp:amber+strict",,,,[CSIRT-ITA-CTI #24075][TLP:AMBER+STRICT] Condivisione di IoC riconducibili ad attore di minaccia avanzata cinese,CSIRT-Italia,CSIRT-Italia,4,High,0,2026-05-12,tlp:amber+strict,1778574434,2022-09-27
d7ff8178-951e-47a1-bb79-46af30f099c4,30411,Network activity,hostname,garfield.ssmandrou.com,,1,1778574388,,"admiralty-scale:source-reliability=""a"",tsec:ttl:1,golden_ioc,tlp:amber+strict,admiralty-scale:information-credibility=""2""",,,,[CSIRT-ITA-CTI #24075][TLP:AMBER+STRICT] Condivisione di IoC riconducibili ad attore di minaccia avanzata cinese,CSIRT-Italia,CSIRT-Italia,4,High,0,2026-05-12,tlp:amber+strict,1778574434,2024-08-21
ddfb41bb-7305-4464-a375-0c2dd49cc027,30411,Artifacts dropped,sha256,db77970471c3f51501ce25d6d19dd0592f9e25bfff3ac664f36ebb5c16cd2d6c,,1,1778574389,,"tsec:ttl:704,admiralty-scale:source-reliability=""a"",admiralty-scale:information-credibility=""1"",golden_ioc,tlp:amber+strict",,,,[CSIRT-ITA-CTI #24075][TLP:AMBER+STRICT] Condivisione di IoC riconducibili ad attore di minaccia avanzata cinese,CSIRT-Italia,CSIRT-Italia,4,High,0,2026-05-12,tlp:amber+strict,1778574434,2023-10-07
fa1b96e4-105c-4418-8b04-2c54fd258f1c,30411,Network activity,hostname,sa.ssmandrou.com,,1,1778574389,,"tsec:ttl:1,admiralty-scale:source-reliability=""a"",golden_ioc,admiralty-scale:information-credibility=""2"",tlp:amber+strict",,,,[CSIRT-ITA-CTI #24075][TLP:AMBER+STRICT] Condivisione di IoC riconducibili ad attore di minaccia avanzata cinese,CSIRT-Italia,CSIRT-Italia,4,High,0,2026-05-12,tlp:amber+strict,1778574434,2024-08-21
63e38e80-9ab6-4085-af61-5116a0e6fb16,30411,Network activity,hostname,web15.ssmandrou.com,,1,1778574390,,"tsec:ttl:1,admiralty-scale:source-reliability=""a"",golden_ioc,admiralty-scale:information-credibility=""2"",tlp:amber+strict",,,,[CSIRT-ITA-CTI #24075][TLP:AMBER+STRICT] Condivisione di IoC riconducibili ad attore di minaccia avanzata cinese,CSIRT-Italia,CSIRT-Italia,4,High,0,2026-05-12,tlp:amber+strict,1778574434,2024-08-21
961a41f5-fb8b-49a8-9ec1-c84a4a636f24,30411,Network activity,hostname,yaroslavl.ssmandrou.com,,1,1778574390,,"tsec:ttl:1,golden_ioc,admiralty-scale:information-credibility=""2"",admiralty-scale:source-reliability=""a"",tlp:amber+strict",,,,[CSIRT-ITA-CTI #24075][TLP:AMBER+STRICT] Condivisione di IoC riconducibili ad attore di minaccia avanzata cinese,CSIRT-Italia,CSIRT-Italia,4,High,0,2026-05-12,tlp:amber+strict,1778574434,2024-08-21
fb3a5066-96d7-47b4-844f-9f97bb387ac8,30411,Network activity,hostname,hospital.ssmandrou.com,,1,1778574391,,"tsec:ttl:1,golden_ioc,admiralty-scale:source-reliability=""a"",admiralty-scale:information-credibility=""2"",tlp:amber+strict",,,,[CSIRT-ITA-CTI #24075][TLP:AMBER+STRICT] Condivisione di IoC riconducibili ad attore di minaccia avanzata cinese,CSIRT-Italia,CSIRT-Italia,4,High,0,2026-05-12,tlp:amber+strict,1778574434,2024-08-21
b20a3cc4-75e9-444f-a9a5-bb92067888c6,30411,Network activity,hostname,www.pr.ssmandrou.com,,1,1778574392,,"admiralty-scale:source-reliability=""a"",tsec:ttl:1,golden_ioc,admiralty-scale:information-credibility=""2"",tlp:amber+strict",,,,[CSIRT-ITA-CTI #24075][TLP:AMBER+STRICT] Condivisione di IoC riconducibili ad attore di minaccia avanzata cinese,CSIRT-Italia,CSIRT-Italia,4,High,0,2026-05-12,tlp:amber+strict,1778574434,2024-08-21
52f5f536-2174-4f9a-94b8-8d7b7aae1109,30411,Network activity,hostname,mta-sts.bouzay.xyz,,1,1778574391,,"admiralty-scale:source-reliability=""a"",golden_ioc,tsec:ttl:1,admiralty-scale:information-credibility=""2"",tlp:amber+strict",,,,[CSIRT-ITA-CTI #24075][TLP:AMBER+STRICT] Condivisione di IoC riconducibili ad attore di minaccia avanzata cinese,CSIRT-Italia,CSIRT-Italia,4,High,0,2026-05-12,tlp:amber+strict,1778574434,2023-11-25
77f63c9a-77e3-4c64-b830-fb86931f7c16,30411,Network activity,hostname,maii.m.ssmandrou.com,,1,1778574390,,"tsec:ttl:1,admiralty-scale:source-reliability=""a"",golden_ioc,tlp:amber+strict,admiralty-scale:information-credibility=""2""",,,,[CSIRT-ITA-CTI #24075][TLP:AMBER+STRICT] Condivisione di IoC riconducibili ad attore di minaccia avanzata cinese,CSIRT-Italia,CSIRT-Italia,4,High,0,2026-05-12,tlp:amber+strict,1778574434,2024-08-21
33eb3405-ea7c-4514-a83b-698c36c88ca5,30411,Artifacts dropped,sha256,2200636e3614c90548c25fc15f624204d3097760dae819e5bd6b4a37ca45e5ac,,1,1778574393,,"golden_ioc,admiralty-scale:source-reliability=""a"",admiralty-scale:information-credibility=""1"",tsec:ttl:656,tlp:amber+strict",,,,[CSIRT-ITA-CTI #24075][TLP:AMBER+STRICT] Condivisione di IoC riconducibili ad attore di minaccia avanzata cinese,CSIRT-Italia,CSIRT-Italia,4,High,0,2026-05-12,tlp:amber+strict,1778574434,2023-11-24
0eddb700-4b79-445f-98a7-a654857935a8,30411,Network activity,hostname,out.ssmandrou.com,,1,1778574393,,"tsec:ttl:1,tlp:amber+strict,golden_ioc,admiralty-scale:source-reliability=""a"",admiralty-scale:information-credibility=""2""",,,,[CSIRT-ITA-CTI #24075][TLP:AMBER+STRICT] Condivisione di IoC riconducibili ad attore di minaccia avanzata cinese,CSIRT-Italia,CSIRT-Italia,4,High,0,2026-05-12,tlp:amber+strict,1778574434,2024-08-21
86fe1e9c-a747-47b8-b567-616479fe2a7e,30411,Network activity,hostname,database2.ssmandrou.com,,1,1778574393,,"tsec:ttl:1,admiralty-scale:source-reliability=""a"",golden_ioc,admiralty-scale:information-credibility=""2"",tlp:amber+strict",,,,[CSIRT-ITA-CTI #24075][TLP:AMBER+STRICT] Condivisione di IoC riconducibili ad attore di minaccia avanzata cinese,CSIRT-Italia,CSIRT-Italia,4,High,0,2026-05-12,tlp:amber+strict,1778574434,2024-08-21
eb41d086-ec03-472e-b348-df83584634a4,30411,Network activity,hostname,api.net.opiraninsitute.ml,,1,1778574394,,"tsec:ttl:2,admiralty-scale:source-reliability=""a"",golden_ioc,admiralty-scale:information-credibility=""2"",tlp:amber+strict",,,,[CSIRT-ITA-CTI #24075][TLP:AMBER+STRICT] Condivisione di IoC riconducibili ad attore di minaccia avanzata cinese,CSIRT-Italia,CSIRT-Italia,4,High,0,2026-05-12,tlp:amber+strict,1778574434,2023-06-12
0797892f-7ba7-4b27-86f0-db0c663f18a3,30411,Network activity,hostname,dls.ssmandrou.com,,1,1778574392,,"admiralty-scale:source-reliability=""a"",tsec:ttl:1,admiralty-scale:information-credibility=""2"",golden_ioc,tlp:amber+strict",,,,[CSIRT-ITA-CTI #24075][TLP:AMBER+STRICT] Condivisione di IoC riconducibili ad attore di minaccia avanzata cinese,CSIRT-Italia,CSIRT-Italia,4,High,0,2026-05-12,tlp:amber+strict,1778574434,2024-08-21
3c4f2256-4697-4322-ae09-2d72fd05b1ed,30411,Network activity,hostname,e-learning.ssmandrou.com,,1,1778574395,,"golden_ioc,admiralty-scale:source-reliability=""a"",tsec:ttl:1,admiralty-scale:information-credibility=""2"",tlp:amber+strict",,,,[CSIRT-ITA-CTI #24075][TLP:AMBER+STRICT] Condivisione di IoC riconducibili ad attore di minaccia avanzata cinese,CSIRT-Italia,CSIRT-Italia,4,High,0,2026-05-12,tlp:amber+strict,1778574434,2024-08-21
0d72cd0c-8a35-4d80-92f8-e14d36c07f40,30411,Network activity,hostname,time.ssmandrou.com,,1,1778574395,,"tsec:ttl:1,admiralty-scale:source-reliability=""a"",golden_ioc,admiralty-scale:information-credibility=""2"",tlp:amber+strict",,,,[CSIRT-ITA-CTI #24075][TLP:AMBER+STRICT] Condivisione di IoC riconducibili ad attore di minaccia avanzata cinese,CSIRT-Italia,CSIRT-Italia,4,High,0,2026-05-12,tlp:amber+strict,1778574434,2024-08-21
d707e5a7-c788-4528-b942-2c298b92fba0,30411,Artifacts dropped,sha256,676cf55076127dab1403c3322d38bf72b62f8aaff25534e5af7b02fc1474a9c0,,1,1778574396,,"tsec:ttl:350,admiralty-scale:source-reliability=""a"",golden_ioc,admiralty-scale:information-credibility=""1"",tlp:amber+strict",,,,[CSIRT-ITA-CTI #24075][TLP:AMBER+STRICT] Condivisione di IoC riconducibili ad attore di minaccia avanzata cinese,CSIRT-Italia,CSIRT-Italia,4,High,0,2026-05-12,tlp:amber+strict,1778574434,2024-09-26
026bd6c1-a39a-47e1-b61a-904c4c434144,30411,Network activity,hostname,mercure.ssmandrou.com,,1,1778574394,,"tsec:ttl:1,admiralty-scale:source-reliability=""a"",golden_ioc,admiralty-scale:information-credibility=""2"",tlp:amber+strict",,,,[CSIRT-ITA-CTI #24075][TLP:AMBER+STRICT] Condivisione di IoC riconducibili ad attore di minaccia avanzata cinese,CSIRT-Italia,CSIRT-Italia,4,High,0,2026-05-12,tlp:amber+strict,1778574434,2024-08-21
72381310-ecd2-4120-a21d-f10a2cfe4685,30411,Network activity,hostname,out.bouzay.xyz,,1,1778574396,,"admiralty-scale:source-reliability=""a"",golden_ioc,tsec:ttl:1,admiralty-scale:information-credibility=""2"",tlp:amber+strict",,,,[CSIRT-ITA-CTI #24075][TLP:AMBER+STRICT] Condivisione di IoC riconducibili ad attore di minaccia avanzata cinese,CSIRT-Italia,CSIRT-Italia,4,High,0,2026-05-12,tlp:amber+strict,1778574434,2024-02-11
166d67ff-3db9-4461-96e6-89de46509fcb,30411,Artifacts dropped,sha256,274990eb09fbc6024c35232ae4b4e672c1d68a1dcfa9c450e5b6a1ef7aedd3e8,,1,1778574397,,"admiralty-scale:source-reliability=""a"",admiralty-scale:information-credibility=""1"",tsec:ttl:538,tlp:amber+strict,golden_ioc",,,,[CSIRT-ITA-CTI #24075][TLP:AMBER+STRICT] Condivisione di IoC riconducibili ad attore di minaccia avanzata cinese,CSIRT-Italia,CSIRT-Italia,4,High,0,2026-05-12,tlp:amber+strict,1778574434,2024-03-22
7767f4fa-9a14-479e-9569-3bb8172a59e4,30411,Artifacts dropped,sha256,22aa51b957c4f1f877e194e3887abf70f6f241ec8c571b4e1e1b73a248ce7506,,1,1778574395,,"admiralty-scale:source-reliability=""a"",golden_ioc,tsec:ttl:290,admiralty-scale:information-credibility=""1"",tlp:amber+strict",,,,[CSIRT-ITA-CTI #24075][TLP:AMBER+STRICT] Condivisione di IoC riconducibili ad attore di minaccia avanzata cinese,CSIRT-Italia,CSIRT-Italia,4,High,0,2026-05-12,tlp:amber+strict,1778574434,2024-11-25
4502ac41-d1bd-40f8-80ed-855124d4187c,30411,Network activity,hostname,redirector.ssmandrou.com,,1,1778574397,,"golden_ioc,admiralty-scale:source-reliability=""a"",tsec:ttl:1,admiralty-scale:information-credibility=""2"",tlp:amber+strict",,,,[CSIRT-ITA-CTI #24075][TLP:AMBER+STRICT] Condivisione di IoC riconducibili ad attore di minaccia avanzata cinese,CSIRT-Italia,CSIRT-Italia,4,High,0,2026-05-12,tlp:amber+strict,1778574434,2024-08-21
e15c4ea7-60ed-4815-8b56-55a0a2904b63,30411,Network activity,hostname,thomas.ssmandrou.com,,1,1778574398,,"tsec:ttl:1,admiralty-scale:source-reliability=""a"",golden_ioc,admiralty-scale:information-credibility=""2"",tlp:amber+strict",,,,[CSIRT-ITA-CTI #24075][TLP:AMBER+STRICT] Condivisione di IoC riconducibili ad attore di minaccia avanzata cinese,CSIRT-Italia,CSIRT-Italia,4,High,0,2026-05-12,tlp:amber+strict,1778574434,2024-08-21
38738ce4-f268-4a15-b9ac-0fd60cd1a09a,30411,Network activity,hostname,big5.ssmandrou.com,,1,1778574397,,"tsec:ttl:1,admiralty-scale:source-reliability=""a"",admiralty-scale:information-credibility=""2"",golden_ioc,tlp:amber+strict",,,,[CSIRT-ITA-CTI #24075][TLP:AMBER+STRICT] Condivisione di IoC riconducibili ad attore di minaccia avanzata cinese,CSIRT-Italia,CSIRT-Italia,4,High,0,2026-05-12,tlp:amber+strict,1778574434,2024-08-21
2b80ca2a-6b7e-4723-bbb2-9f748c4d4ff0,30411,Network activity,hostname,comercial.ssmandrou.com,,1,1778574398,,"tsec:ttl:1,admiralty-scale:source-reliability=""a"",golden_ioc,admiralty-scale:information-credibility=""2"",tlp:amber+strict",,,,[CSIRT-ITA-CTI #24075][TLP:AMBER+STRICT] Condivisione di IoC riconducibili ad attore di minaccia avanzata cinese,CSIRT-Italia,CSIRT-Italia,4,High,0,2026-05-12,tlp:amber+strict,1778574434,2024-08-21
419ac642-0e02-480a-9592-ffd435fe5052,30411,Artifacts dropped,sha256,3255e5403a4bd9697f3b7e2de67bb9aca4f08bb7c33bbaf1b3f1ece37076a0a2,,1,1778574402,,"tsec:ttl:361,admiralty-scale:source-reliability=""a"",admiralty-scale:information-credibility=""1"",golden_ioc,tlp:amber+strict",,,,[CSIRT-ITA-CTI #24075][TLP:AMBER+STRICT] Condivisione di IoC riconducibili ad attore di minaccia avanzata cinese,CSIRT-Italia,CSIRT-Italia,4,High,0,2026-05-12,tlp:amber+strict,1778574434,2024-09-14
7bb424cc-4d6e-474e-8004-84dba98bd46d,30411,Network activity,hostname,xeon.ssmandrou.com,,1,1778574402,,"admiralty-scale:source-reliability=""a"",tsec:ttl:1,golden_ioc,admiralty-scale:information-credibility=""2"",tlp:amber+strict",,,,[CSIRT-ITA-CTI #24075][TLP:AMBER+STRICT] Condivisione di IoC riconducibili ad attore di minaccia avanzata cinese,CSIRT-Italia,CSIRT-Italia,4,High,0,2026-05-12,tlp:amber+strict,1778574434,2024-08-21
410b0997-a4d8-4cdf-b3b3-db4e56318536,30411,Network activity,hostname,nexus.ssmandrou.com,,1,1778574399,,"golden_ioc,admiralty-scale:source-reliability=""a"",tsec:ttl:1,admiralty-scale:information-credibility=""2"",tlp:amber+strict",,,,[CSIRT-ITA-CTI #24075][TLP:AMBER+STRICT] Condivisione di IoC riconducibili ad attore di minaccia avanzata cinese,CSIRT-Italia,CSIRT-Italia,4,High,0,2026-05-12,tlp:amber+strict,1778574434,2024-08-21
d5846f34-0192-4bc9-881e-3ef742778a82,30411,Network activity,hostname,reseller.ssmandrou.com,,1,1778574399,,"tsec:ttl:1,admiralty-scale:source-reliability=""a"",golden_ioc,admiralty-scale:information-credibility=""2"",tlp:amber+strict",,,,[CSIRT-ITA-CTI #24075][TLP:AMBER+STRICT] Condivisione di IoC riconducibili ad attore di minaccia avanzata cinese,CSIRT-Italia,CSIRT-Italia,4,High,0,2026-05-12,tlp:amber+strict,1778574434,2024-08-21
a8ea9d27-15f8-4fad-b5ab-047deabaedbf,30411,Network activity,hostname,v2.ssmandrou.com,,1,1778574399,,"admiralty-scale:source-reliability=""a"",tsec:ttl:1,golden_ioc,admiralty-scale:information-credibility=""2"",tlp:amber+strict",,,,[CSIRT-ITA-CTI #24075][TLP:AMBER+STRICT] Condivisione di IoC riconducibili ad attore di minaccia avanzata cinese,CSIRT-Italia,CSIRT-Italia,4,High,0,2026-05-12,tlp:amber+strict,1778574434,2024-08-21
2eb1ab30-b1b5-414b-8c52-069aa65fe938,30411,Network activity,hostname,db1.ssmandrou.com,,1,1778574400,,"tsec:ttl:1,admiralty-scale:source-reliability=""a"",tlp:amber+strict,golden_ioc,admiralty-scale:information-credibility=""2""",,,,[CSIRT-ITA-CTI #24075][TLP:AMBER+STRICT] Condivisione di IoC riconducibili ad attore di minaccia avanzata cinese,CSIRT-Italia,CSIRT-Italia,4,High,0,2026-05-12,tlp:amber+strict,1778574434,2024-08-21
0003b39c-30d7-4267-9d93-679502249036,30411,Network activity,hostname,rns02.czifaapnwqgdj.com,,1,1778574400,,"tsec:ttl:21,admiralty-scale:source-reliability=""a"",golden_ioc,admiralty-scale:information-credibility=""2"",tlp:amber+strict",,,,[CSIRT-ITA-CTI #24075][TLP:AMBER+STRICT] Condivisione di IoC riconducibili ad attore di minaccia avanzata cinese,CSIRT-Italia,CSIRT-Italia,4,High,0,2026-05-12,tlp:amber+strict,1778574434,2024-10-17
557d5c12-022d-4282-9ce3-7abddc98433c,30411,Artifacts dropped,sha256,8faaf08e14c79a89c0250c7a5b131c7b7cc426953402a734c86c9347a01da6ef,,1,1778574401,,"admiralty-scale:source-reliability=""a"",tsec:ttl:538,golden_ioc,admiralty-scale:information-credibility=""1"",tlp:amber+strict",,,,[CSIRT-ITA-CTI #24075][TLP:AMBER+STRICT] Condivisione di IoC riconducibili ad attore di minaccia avanzata cinese,CSIRT-Italia,CSIRT-Italia,4,High,0,2026-05-12,tlp:amber+strict,1778574434,2024-03-22
13c27c4d-b7be-4b23-9af2-a632a54ee5a6,30411,Artifacts dropped,sha256,66b3fce43273c64615b25bfb8e4d81ebffa72b48195411af32610e13151d8ef9,,1,1778574401,,"tsec:ttl:361,golden_ioc,admiralty-scale:source-reliability=""a"",admiralty-scale:information-credibility=""1"",tlp:amber+strict",,,,[CSIRT-ITA-CTI #24075][TLP:AMBER+STRICT] Condivisione di IoC riconducibili ad attore di minaccia avanzata cinese,CSIRT-Italia,CSIRT-Italia,4,High,0,2026-05-12,tlp:amber+strict,1778574434,2024-09-14
63e21006-fc65-4b98-8d26-415c209fc27c,30411,Network activity,hostname,zainimalegebihaha.top,,1,1778574402,,"tsec:ttl:1,admiralty-scale:source-reliability=""a"",golden_ioc,admiralty-scale:information-credibility=""2"",tlp:amber+strict",,,,[CSIRT-ITA-CTI #24075][TLP:AMBER+STRICT] Condivisione di IoC riconducibili ad attore di minaccia avanzata cinese,CSIRT-Italia,CSIRT-Italia,4,High,0,2026-05-12,tlp:amber+strict,1778574434,2023-12-20
eb12aefe-71a3-41d8-bb33-e63d3b152334,30411,Network activity,hostname,www.status.ssmandrou.com,,1,1778574403,,"admiralty-scale:source-reliability=""a"",tsec:ttl:1,golden_ioc,admiralty-scale:information-credibility=""2"",tlp:amber+strict",,,,[CSIRT-ITA-CTI #24075][TLP:AMBER+STRICT] Condivisione di IoC riconducibili ad attore di minaccia avanzata cinese,CSIRT-Italia,CSIRT-Italia,4,High,0,2026-05-12,tlp:amber+strict,1778574434,2024-08-21
dd685036-53a4-463b-a8a1-4cc486f7ffa3,30411,Artifacts dropped,sha256,bc6909a4144284329c4ca75fc81197dd43495af563098490f1f6da652cda5c6b,,1,1778574403,,"admiralty-scale:source-reliability=""a"",golden_ioc,tsec:ttl:290,admiralty-scale:information-credibility=""1"",tlp:amber+strict",,,,[CSIRT-ITA-CTI #24075][TLP:AMBER+STRICT] Condivisione di IoC riconducibili ad attore di minaccia avanzata cinese,CSIRT-Italia,CSIRT-Italia,4,High,0,2026-05-12,tlp:amber+strict,1778574434,2024-11-25
db996690-3355-4c1e-b5e0-32ce38210ad3,30411,Network activity,hostname,password.ssmandrou.com,,1,1778574403,,"tsec:ttl:1,admiralty-scale:source-reliability=""a"",golden_ioc,admiralty-scale:information-credibility=""2"",tlp:amber+strict",,,,[CSIRT-ITA-CTI #24075][TLP:AMBER+STRICT] Condivisione di IoC riconducibili ad attore di minaccia avanzata cinese,CSIRT-Italia,CSIRT-Italia,4,High,0,2026-05-12,tlp:amber+strict,1778574434,2024-08-21
e3024958-93c6-400a-a0fd-6e749e1fda6c,30411,Artifacts dropped,sha256,94153666fb5c8ad308a8fba18b4d6eb7c9181de81bdc71e6e26323604a8d9313,,1,1778574404,,"admiralty-scale:source-reliability=""a"",tsec:ttl:704,golden_ioc,admiralty-scale:information-credibility=""1"",tlp:amber+strict",,,,[CSIRT-ITA-CTI #24075][TLP:AMBER+STRICT] Condivisione di IoC riconducibili ad attore di minaccia avanzata cinese,CSIRT-Italia,CSIRT-Italia,4,High,0,2026-05-12,tlp:amber+strict,1778574434,2023-10-07
1e9ea3f7-4b24-4454-9088-e68fa0ff5bd9,30411,Network activity,hostname,mail1.etc-19sadjs.xyz,,1,1778574404,,"tsec:ttl:1,admiralty-scale:source-reliability=""a"",golden_ioc,admiralty-scale:information-credibility=""2"",tlp:amber+strict",,,,[CSIRT-ITA-CTI #24075][TLP:AMBER+STRICT] Condivisione di IoC riconducibili ad attore di minaccia avanzata cinese,CSIRT-Italia,CSIRT-Italia,4,High,0,2026-05-12,tlp:amber+strict,1778574434,2024-07-04
61b94575-5828-43eb-aa2d-02c5e375da00,30411,Network activity,hostname,www.director.ssmandrou.com,,1,1778574405,,"admiralty-scale:source-reliability=""a"",tsec:ttl:1,golden_ioc,tlp:amber+strict,admiralty-scale:information-credibility=""2""",,,,[CSIRT-ITA-CTI #24075][TLP:AMBER+STRICT] Condivisione di IoC riconducibili ad attore di minaccia avanzata cinese,CSIRT-Italia,CSIRT-Italia,4,High,0,2026-05-12,tlp:amber+strict,1778574434,2024-08-21
780d7d9f-01f3-48ee-81f8-c03e6261c40c,30411,Network activity,hostname,kh.tlss.everyone.happy-for.everyone.happy-for-everyone.ml,,1,1778574405,,"tsec:ttl:1,admiralty-scale:source-reliability=""a"",tlp:amber+strict,golden_ioc,admiralty-scale:information-credibility=""2""",,,,[CSIRT-ITA-CTI #24075][TLP:AMBER+STRICT] Condivisione di IoC riconducibili ad attore di minaccia avanzata cinese,CSIRT-Italia,CSIRT-Italia,4,High,0,2026-05-12,tlp:amber+strict,1778574434,2023-06-20
d3464978-2533-492b-bc1b-93059e95907e,30411,Artifacts dropped,sha256,eaf80379fee05b4b62be1c7a99a6be9d0142e09d546cdf12895e7fc8e07879ff,,1,1778574406,,"admiralty-scale:source-reliability=""a"",golden_ioc,tsec:ttl:704,admiralty-scale:information-credibility=""1"",tlp:amber+strict",,,,[CSIRT-ITA-CTI #24075][TLP:AMBER+STRICT] Condivisione di IoC riconducibili ad attore di minaccia avanzata cinese,CSIRT-Italia,CSIRT-Italia,4,High,0,2026-05-12,tlp:amber+strict,1778574434,2023-10-07
30794097-1244-48d7-b933-bab0c465a17f,30411,Network activity,hostname,netmaker-exporter.net.opiraninsitute.ml,,1,1778574406,,"tsec:ttl:2,admiralty-scale:source-reliability=""a"",golden_ioc,admiralty-scale:information-credibility=""2"",tlp:amber+strict",,,,[CSIRT-ITA-CTI #24075][TLP:AMBER+STRICT] Condivisione di IoC riconducibili ad attore di minaccia avanzata cinese,CSIRT-Italia,CSIRT-Italia,4,High,0,2026-05-12,tlp:amber+strict,1778574434,2023-06-12
4d64bf95-4f74-4a2c-9865-8f5b96802663,30411,Artifacts dropped,sha256,bee5ef33db08abbaaf736c6d0ab1abe0375ed6bca6eb933f616aaba3f647174a,,1,1778574407,,"admiralty-scale:source-reliability=""a"",tsec:ttl:350,golden_ioc,admiralty-scale:information-credibility=""1"",tlp:amber+strict",,,,[CSIRT-ITA-CTI #24075][TLP:AMBER+STRICT] Condivisione di IoC riconducibili ad attore di minaccia avanzata cinese,CSIRT-Italia,CSIRT-Italia,4,High,0,2026-05-12,tlp:amber+strict,1778574434,2024-09-26
26eedd97-a32f-450a-a144-4d3255ed016e,30411,Network activity,hostname,forum2.ssmandrou.com,,1,1778574407,,"tsec:ttl:1,golden_ioc,admiralty-scale:source-reliability=""a"",admiralty-scale:information-credibility=""2"",tlp:amber+strict",,,,[CSIRT-ITA-CTI #24075][TLP:AMBER+STRICT] Condivisione di IoC riconducibili ad attore di minaccia avanzata cinese,CSIRT-Italia,CSIRT-Italia,4,High,0,2026-05-12,tlp:amber+strict,1778574434,2024-08-21
7d60b1d6-1843-41e6-a503-6e61928ea6b2,30411,Network activity,hostname,mail.forum.ssmandrou.com,,1,1778574407,,"admiralty-scale:source-reliability=""a"",tsec:ttl:1,golden_ioc,admiralty-scale:information-credibility=""2"",tlp:amber+strict",,,,[CSIRT-ITA-CTI #24075][TLP:AMBER+STRICT] Condivisione di IoC riconducibili ad attore di minaccia avanzata cinese,CSIRT-Italia,CSIRT-Italia,4,High,0,2026-05-12,tlp:amber+strict,1778574434,2024-08-21
c6968f2a-98fc-4103-81a1-3ae92726d6a7,30411,Network activity,hostname,gold.ssmandrou.com,,1,1778574408,,"tsec:ttl:1,admiralty-scale:source-reliability=""a"",golden_ioc,admiralty-scale:information-credibility=""2"",tlp:amber+strict",,,,[CSIRT-ITA-CTI #24075][TLP:AMBER+STRICT] Condivisione di IoC riconducibili ad attore di minaccia avanzata cinese,CSIRT-Italia,CSIRT-Italia,4,High,0,2026-05-12,tlp:amber+strict,1778574434,2024-08-21
a111fa7c-7723-40de-ad08-576e852c30e1,30411,Network activity,hostname,wallpapers.ssmandrou.com,,1,1778574408,,"tsec:ttl:1,admiralty-scale:source-reliability=""a"",golden_ioc,admiralty-scale:information-credibility=""2"",tlp:amber+strict",,,,[CSIRT-ITA-CTI #24075][TLP:AMBER+STRICT] Condivisione di IoC riconducibili ad attore di minaccia avanzata cinese,CSIRT-Italia,CSIRT-Italia,4,High,0,2026-05-12,tlp:amber+strict,1778574434,2024-08-21
3708f8ce-0236-465c-a8aa-fa78c064f731,30411,Network activity,hostname,spoon.ssmandrou.com,,1,1778574409,,"tsec:ttl:1,admiralty-scale:source-reliability=""a"",golden_ioc,admiralty-scale:information-credibility=""2"",tlp:amber+strict",,,,[CSIRT-ITA-CTI #24075][TLP:AMBER+STRICT] Condivisione di IoC riconducibili ad attore di minaccia avanzata cinese,CSIRT-Italia,CSIRT-Italia,4,High,0,2026-05-12,tlp:amber+strict,1778574434,2024-08-21
acc09036-63fc-4d66-85f3-0a3119713da0,30411,Network activity,hostname,www.domain.ssmandrou.com,,1,1778574408,,"tsec:ttl:1,admiralty-scale:source-reliability=""a"",golden_ioc,admiralty-scale:information-credibility=""2"",tlp:amber+strict",,,,[CSIRT-ITA-CTI #24075][TLP:AMBER+STRICT] Condivisione di IoC riconducibili ad attore di minaccia avanzata cinese,CSIRT-Italia,CSIRT-Italia,4,High,0,2026-05-12,tlp:amber+strict,1778574434,2024-08-21
97ee28b1-9cab-46a9-b06c-43d95fec7e00,30411,Artifacts dropped,sha256,df7ac459392e07ee7761bcd0a88baffe10718098bc2fb6c8173be34a872e0173,,1,1778574409,,"tsec:ttl:704,admiralty-scale:source-reliability=""a"",golden_ioc,admiralty-scale:information-credibility=""1"",tlp:amber+strict",,,,[CSIRT-ITA-CTI #24075][TLP:AMBER+STRICT] Condivisione di IoC riconducibili ad attore di minaccia avanzata cinese,CSIRT-Italia,CSIRT-Italia,4,High,0,2026-05-12,tlp:amber+strict,1778574434,2023-10-07
a8ec1447-2a87-4081-bb3e-2aa42cf877b1,30411,Network activity,hostname,space.ssmandrou.com,,1,1778574410,,"admiralty-scale:source-reliability=""a"",tsec:ttl:1,admiralty-scale:information-credibility=""2"",golden_ioc,tlp:amber+strict",,,,[CSIRT-ITA-CTI #24075][TLP:AMBER+STRICT] Condivisione di IoC riconducibili ad attore di minaccia avanzata cinese,CSIRT-Italia,CSIRT-Italia,4,High,0,2026-05-12,tlp:amber+strict,1778574434,2024-08-21
339bedfd-de30-4908-98cd-d83136c7d142,30411,Network activity,hostname,www.ssmandrou.com,,1,1778574409,,"admiralty-scale:source-reliability=""a"",golden_ioc,tsec:ttl:198,admiralty-scale:information-credibility=""2"",tlp:amber+strict",,,,[CSIRT-ITA-CTI #24075][TLP:AMBER+STRICT] Condivisione di IoC riconducibili ad attore di minaccia avanzata cinese,CSIRT-Italia,CSIRT-Italia,4,High,0,2026-05-12,tlp:amber+strict,1778574434,2024-01-18
62ae1b9b-577d-4816-a669-6f5dc556e155,30411,Network activity,hostname,washington.ssmandrou.com,,1,1778574410,,"admiralty-scale:source-reliability=""a"",tsec:ttl:1,golden_ioc,admiralty-scale:information-credibility=""2"",tlp:amber+strict",,,,[CSIRT-ITA-CTI #24075][TLP:AMBER+STRICT] Condivisione di IoC riconducibili ad attore di minaccia avanzata cinese,CSIRT-Italia,CSIRT-Italia,4,High,0,2026-05-12,tlp:amber+strict,1778574434,2024-08-21
183a821d-1cfe-469a-ab9d-5ae8d90fa98b,30411,Network activity,hostname,uk.ssmandrou.com,,1,1778574411,,"tsec:ttl:1,admiralty-scale:source-reliability=""a"",admiralty-scale:information-credibility=""2"",golden_ioc,tlp:amber+strict",,,,[CSIRT-ITA-CTI #24075][TLP:AMBER+STRICT] Condivisione di IoC riconducibili ad attore di minaccia avanzata cinese,CSIRT-Italia,CSIRT-Italia,4,High,0,2026-05-12,tlp:amber+strict,1778574434,2024-08-21
bc8c58f8-46d3-4fb5-b477-49124fab85a6,30411,Network activity,hostname,mail.bouzay.xvz,,1,1778574411,,"admiralty-scale:information-credibility=""2"",golden_ioc,tsec:ttl:284,admiralty-scale:source-reliability=""a"",tlp:amber+strict",,,,[CSIRT-ITA-CTI #24075][TLP:AMBER+STRICT] Condivisione di IoC riconducibili ad attore di minaccia avanzata cinese,CSIRT-Italia,CSIRT-Italia,4,High,0,2026-05-12,tlp:amber+strict,1778574434,2023-11-25
26dc232b-258b-45be-bc7d-a758a7829b6d,30411,Network activity,hostname,s13.ssmandrou.com,,1,1778574412,,"tsec:ttl:1,admiralty-scale:source-reliability=""a"",admiralty-scale:information-credibility=""2"",golden_ioc,tlp:amber+strict",,,,[CSIRT-ITA-CTI #24075][TLP:AMBER+STRICT] Condivisione di IoC riconducibili ad attore di minaccia avanzata cinese,CSIRT-Italia,CSIRT-Italia,4,High,0,2026-05-12,tlp:amber+strict,1778574434,2024-08-21
ae0f4f11-417e-452f-a066-d68f5f0e965e,30411,Network activity,hostname,msk.xinqi2204.xyz,,1,1778574412,,"admiralty-scale:source-reliability=""a"",golden_ioc,tsec:ttl:2,admiralty-scale:information-credibility=""2"",tlp:amber+strict",,,,[CSIRT-ITA-CTI #24075][TLP:AMBER+STRICT] Condivisione di IoC riconducibili ad attore di minaccia avanzata cinese,CSIRT-Italia,CSIRT-Italia,4,High,0,2026-05-12,tlp:amber+strict,1778574434,2023-06-12
d2877517-8fb8-4261-8452-a63701e3e98d,30411,Network activity,ip-dst,38.60.221.63,,1,1778574414,,"tsec:ttl:704,admiralty-scale:source-reliability=""a"",golden_ioc,tlp:amber+strict,admiralty-scale:information-credibility=""2""",,,,[CSIRT-ITA-CTI #24075][TLP:AMBER+STRICT] Condivisione di IoC riconducibili ad attore di minaccia avanzata cinese,CSIRT-Italia,CSIRT-Italia,4,High,0,2026-05-12,tlp:amber+strict,1778574434,2023-10-07
910b4440-8c13-4dce-b8ce-1c7b66995651,30411,Artifacts dropped,sha256,3c9683f080ce7b8aeba07eb19bfde9b8440450d6b9946f68f2b1e74120a937c8,,1,1778574413,,"golden_ioc,tsec:ttl:656,admiralty-scale:source-reliability=""a"",admiralty-scale:information-credibility=""1"",tlp:amber+strict",,,,[CSIRT-ITA-CTI #24075][TLP:AMBER+STRICT] Condivisione di IoC riconducibili ad attore di minaccia avanzata cinese,CSIRT-Italia,CSIRT-Italia,4,High,0,2026-05-12,tlp:amber+strict,1778574434,2023-11-24
29d23993-995c-4c2f-a9d7-09982083bd1c,30411,Artifacts dropped,sha256,2665e1c40f2e002e4a0fd5a9be0d1f64312a84a3f018329381bc3fd1195026ec,,1,1778574412,,"admiralty-scale:source-reliability=""a"",golden_ioc,tsec:ttl:538,tlp:amber+strict,admiralty-scale:information-credibility=""1""",,,,[CSIRT-ITA-CTI #24075][TLP:AMBER+STRICT] Condivisione di IoC riconducibili ad attore di minaccia avanzata cinese,CSIRT-Italia,CSIRT-Italia,4,High,0,2026-05-12,tlp:amber+strict,1778574434,2024-03-22
a2c376ff-c3d7-4bce-ac76-e3746851be63,30411,Network activity,hostname,prometheus.net.opiraninsitute.ml,,1,1778574415,,"tsec:ttl:1,admiralty-scale:source-reliability=""a"",admiralty-scale:information-credibility=""2"",golden_ioc,tlp:amber+strict",,,,[CSIRT-ITA-CTI #24075][TLP:AMBER+STRICT] Condivisione di IoC riconducibili ad attore di minaccia avanzata cinese,CSIRT-Italia,CSIRT-Italia,4,High,0,2026-05-12,tlp:amber+strict,1778574434,2023-06-12
016c0018-f93d-413b-9c38-7f09d032c6e8,30411,Network activity,hostname,www.static.ssmandrou.com,,1,1778574413,,"golden_ioc,tsec:ttl:1,admiralty-scale:source-reliability=""a"",admiralty-scale:information-credibility=""2"",tlp:amber+strict",,,,[CSIRT-ITA-CTI #24075][TLP:AMBER+STRICT] Condivisione di IoC riconducibili ad attore di minaccia avanzata cinese,CSIRT-Italia,CSIRT-Italia,4,High,0,2026-05-12,tlp:amber+strict,1778574434,2024-08-21
6ddec422-9bcd-44a5-8953-d82350b649b5,30411,Artifacts dropped,sha256,d128acf2a7b015b04f611bed816f41d785dd999b21f43720542632bee82c83bf,,1,1778574416,,"admiralty-scale:source-reliability=""a"",golden_ioc,tsec:ttl:290,admiralty-scale:information-credibility=""1"",tlp:amber+strict",,,,[CSIRT-ITA-CTI #24075][TLP:AMBER+STRICT] Condivisione di IoC riconducibili ad attore di minaccia avanzata cinese,CSIRT-Italia,CSIRT-Italia,4,High,0,2026-05-12,tlp:amber+strict,1778574434,2024-11-25
45fd997d-16d6-42de-b370-3363a10b2838,30411,Network activity,hostname,jp.cpic2023.top,,1,1778574414,,"tsec:ttl:2,admiralty-scale:source-reliability=""a"",admiralty-scale:information-credibility=""2"",golden_ioc,tlp:amber+strict",,,,[CSIRT-ITA-CTI #24075][TLP:AMBER+STRICT] Condivisione di IoC riconducibili ad attore di minaccia avanzata cinese,CSIRT-Italia,CSIRT-Italia,4,High,0,2026-05-12,tlp:amber+strict,1778574434,2023-08-04
03a41d84-9eee-4fc3-9c0f-29f79ef1368a,30411,Network activity,hostname,www4.ssmandrou.com,,1,1778574415,,"golden_ioc,tsec:ttl:1,admiralty-scale:source-reliability=""a"",admiralty-scale:information-credibility=""2"",tlp:amber+strict",,,,[CSIRT-ITA-CTI #24075][TLP:AMBER+STRICT] Condivisione di IoC riconducibili ad attore di minaccia avanzata cinese,CSIRT-Italia,CSIRT-Italia,4,High,0,2026-05-12,tlp:amber+strict,1778574434,2024-08-21
4a55dc98-5f08-45ef-8fcc-b52d933c44da,30411,Artifacts dropped,sha256,724b62d4c650572bc855866a091e4590cb9eac1191c522b7c7e25aeed48b03d1,,1,1778574416,,"golden_ioc,admiralty-scale:source-reliability=""a"",admiralty-scale:information-credibility=""1"",tsec:ttl:656,tlp:amber+strict",,,,[CSIRT-ITA-CTI #24075][TLP:AMBER+STRICT] Condivisione di IoC riconducibili ad attore di minaccia avanzata cinese,CSIRT-Italia,CSIRT-Italia,4,High,0,2026-05-12,tlp:amber+strict,1778574434,2023-11-24
0a1d7a4b-c12e-4645-991c-66c0ed6cbbcf,30411,Network activity,hostname,z.ssmandrou.com,,1,1778574416,,"tsec:ttl:1,golden_ioc,admiralty-scale:source-reliability=""a"",tlp:amber+strict,admiralty-scale:information-credibility=""2""",,,,[CSIRT-ITA-CTI #24075][TLP:AMBER+STRICT] Condivisione di IoC riconducibili ad attore di minaccia avanzata cinese,CSIRT-Italia,CSIRT-Italia,4,High,0,2026-05-12,tlp:amber+strict,1778574434,2024-08-21
6e131bca-c02d-4a09-86f1-3f981a56888e,30411,Network activity,hostname,www.mx.ssmandrou.com,,1,1778574417,,"tsec:ttl:1,admiralty-scale:source-reliability=""a"",admiralty-scale:information-credibility=""2"",golden_ioc,tlp:amber+strict",,,,[CSIRT-ITA-CTI #24075][TLP:AMBER+STRICT] Condivisione di IoC riconducibili ad attore di minaccia avanzata cinese,CSIRT-Italia,CSIRT-Italia,4,High,0,2026-05-12,tlp:amber+strict,1778574434,2024-08-21
c6bfee11-9bd7-458c-b029-4765b11eb473,30411,Network activity,hostname,rogue.ssmandrou.com,,1,1778574418,,"tsec:ttl:1,admiralty-scale:source-reliability=""a"",golden_ioc,admiralty-scale:information-credibility=""2"",tlp:amber+strict",,,,[CSIRT-ITA-CTI #24075][TLP:AMBER+STRICT] Condivisione di IoC riconducibili ad attore di minaccia avanzata cinese,CSIRT-Italia,CSIRT-Italia,4,High,0,2026-05-12,tlp:amber+strict,1778574434,2024-08-21
58efac97-edb0-465b-a6bb-501894e15abf,30411,Network activity,hostname,drop.ssmandrou.com,,1,1778574417,,"tsec:ttl:1,admiralty-scale:source-reliability=""a"",golden_ioc,admiralty-scale:information-credibility=""2"",tlp:amber+strict",,,,[CSIRT-ITA-CTI #24075][TLP:AMBER+STRICT] Condivisione di IoC riconducibili ad attore di minaccia avanzata cinese,CSIRT-Italia,CSIRT-Italia,4,High,0,2026-05-12,tlp:amber+strict,1778574434,2024-08-21
21a9f11d-b31f-4f57-bdef-b05f97f84e7a,30411,Network activity,hostname,www.edu.ssmandrou.com,,1,1778574418,,"tsec:ttl:1,admiralty-scale:source-reliability=""a"",golden_ioc,tlp:amber+strict,admiralty-scale:information-credibility=""2""",,,,[CSIRT-ITA-CTI #24075][TLP:AMBER+STRICT] Condivisione di IoC riconducibili ad attore di minaccia avanzata cinese,CSIRT-Italia,CSIRT-Italia,4,High,0,2026-05-12,tlp:amber+strict,1778574434,2024-08-21
61e8c591-116a-48ef-a644-9b2482441410,30411,Artifacts dropped,sha256,84235d4fd8a24bbfb0e40706f6daacb2879c410be108bf0017b93dc17b35222f,,1,1778574418,,"admiralty-scale:source-reliability=""a"",golden_ioc,tsec:ttl:538,admiralty-scale:information-credibility=""1"",tlp:amber+strict",,,,[CSIRT-ITA-CTI #24075][TLP:AMBER+STRICT] Condivisione di IoC riconducibili ad attore di minaccia avanzata cinese,CSIRT-Italia,CSIRT-Italia,4,High,0,2026-05-12,tlp:amber+strict,1778574434,2024-03-22
02e51644-8ec5-4c22-ab62-32ffee45f20d,30411,Network activity,hostname,smtpauth.bouzay.xvz,,1,1778574419,,"golden_ioc,tsec:ttl:1,admiralty-scale:source-reliability=""a"",admiralty-scale:information-credibility=""2"",tlp:amber+strict",,,,[CSIRT-ITA-CTI #24075][TLP:AMBER+STRICT] Condivisione di IoC riconducibili ad attore di minaccia avanzata cinese,CSIRT-Italia,CSIRT-Italia,4,High,0,2026-05-12,tlp:amber+strict,1778574434,2024-02-11
bf56a716-026f-425d-8b77-caffd363e39c,30411,Artifacts dropped,sha256,028e660a028c9fcdf2aa0d6ea15ab9e2bfdd297532ca1f218acf378d876444eb,,1,1778574419,,"admiralty-scale:source-reliability=""a"",tsec:ttl:704,golden_ioc,admiralty-scale:information-credibility=""1"",tlp:amber+strict",,,,[CSIRT-ITA-CTI #24075][TLP:AMBER+STRICT] Condivisione di IoC riconducibili ad attore di minaccia avanzata cinese,CSIRT-Italia,CSIRT-Italia,4,High,0,2026-05-12,tlp:amber+strict,1778574434,2023-10-07
9857eeb9-f539-48c5-b9c0-d358d32e00fa,30411,Network activity,hostname,dnswl.ssmandrou.com,,1,1778574419,,"tsec:ttl:1,admiralty-scale:source-reliability=""a"",golden_ioc,admiralty-scale:information-credibility=""2"",tlp:amber+strict",,,,[CSIRT-ITA-CTI #24075][TLP:AMBER+STRICT] Condivisione di IoC riconducibili ad attore di minaccia avanzata cinese,CSIRT-Italia,CSIRT-Italia,4,High,0,2026-05-12,tlp:amber+strict,1778574434,2024-08-21
d334cf83-dd56-49cd-ade1-81f66ac05635,30411,Network activity,hostname,www.wholesale.ssmandrou.com,,1,1778574420,,"tsec:ttl:1,admiralty-scale:source-reliability=""a"",golden_ioc,tlp:amber+strict,admiralty-scale:information-credibility=""2""",,,,[CSIRT-ITA-CTI #24075][TLP:AMBER+STRICT] Condivisione di IoC riconducibili ad attore di minaccia avanzata cinese,CSIRT-Italia,CSIRT-Italia,4,High,0,2026-05-12,tlp:amber+strict,1778574434,2024-08-21
ef8a1d74-7ce8-427c-9024-20b62064a0d8,30411,Artifacts dropped,sha256,6a14aa2cc5860f64c49bc6cd88ff8d3246f5bb0a8f86d9ea1d011c5f5abfe172,,1,1778574420,,"admiralty-scale:source-reliability=""a"",tsec:ttl:538,admiralty-scale:information-credibility=""1"",golden_ioc,tlp:amber+strict",,,,[CSIRT-ITA-CTI #24075][TLP:AMBER+STRICT] Condivisione di IoC riconducibili ad attore di minaccia avanzata cinese,CSIRT-Italia,CSIRT-Italia,4,High,0,2026-05-12,tlp:amber+strict,1778574434,2024-03-22
6ee51bd4-2205-413b-a94b-475a0b6f4529,30411,Artifacts dropped,sha256,46d7abe7562576458376c4996ef07cf47f4dcd258c25153a1dbd284493f8ad28,,1,1778574422,,"admiralty-scale:source-reliability=""a"",golden_ioc,tsec:ttl:538,admiralty-scale:information-credibility=""1"",tlp:amber+strict",,,,[CSIRT-ITA-CTI #24075][TLP:AMBER+STRICT] Condivisione di IoC riconducibili ad attore di minaccia avanzata cinese,CSIRT-Italia,CSIRT-Italia,4,High,0,2026-05-12,tlp:amber+strict,1778574434,2024-03-22
12e7805b-e783-4115-bc7d-114bcb3d36da,30411,Network activity,hostname,sbs.ssmandrou.com,,1,1778574421,,"golden_ioc,tsec:ttl:1,admiralty-scale:source-reliability=""a"",admiralty-scale:information-credibility=""2"",tlp:amber+strict",,,,[CSIRT-ITA-CTI #24075][TLP:AMBER+STRICT] Condivisione di IoC riconducibili ad attore di minaccia avanzata cinese,CSIRT-Italia,CSIRT-Italia,4,High,0,2026-05-12,tlp:amber+strict,1778574434,2024-08-21
e118f2ff-8a28-46b2-8fe3-e0039e16a5e1,30411,Network activity,hostname,x.ssmandrou.com,,1,1778574421,,"tsec:ttl:1,admiralty-scale:source-reliability=""a"",golden_ioc,tlp:amber+strict,admiralty-scale:information-credibility=""2""",,,,[CSIRT-ITA-CTI #24075][TLP:AMBER+STRICT] Condivisione di IoC riconducibili ad attore di minaccia avanzata cinese,CSIRT-Italia,CSIRT-Italia,4,High,0,2026-05-12,tlp:amber+strict,1778574434,2024-08-21
097d4c6a-eaa1-45e7-a634-a8cea8f7166b,30411,Network activity,ip-dst,38.60.221.174,,1,1778574421,,"admiralty-scale:source-reliability=""a"",golden_ioc,tsec:ttl:656,admiralty-scale:information-credibility=""2"",tlp:amber+strict",,,,[CSIRT-ITA-CTI #24075][TLP:AMBER+STRICT] Condivisione di IoC riconducibili ad attore di minaccia avanzata cinese,CSIRT-Italia,CSIRT-Italia,4,High,0,2026-05-12,tlp:amber+strict,1778574434,2023-11-24
27ee071d-07f2-460f-93e3-7512cdff776a,30411,Network activity,hostname,bouzay.xyz,,1,1778574422,,"admiralty-scale:source-reliability=""a"",golden_ioc,admiralty-scale:information-credibility=""2"",tsec:ttl:291,tlp:amber+strict",,,,[CSIRT-ITA-CTI #24075][TLP:AMBER+STRICT] Condivisione di IoC riconducibili ad attore di minaccia avanzata cinese,CSIRT-Italia,CSIRT-Italia,4,High,0,2026-05-12,tlp:amber+strict,1778574434,2023-11-25
afd52843-6728-4838-ae8f-05945fafd074,30411,Network activity,hostname,ip176-194.ssmandrou.com,,1,1778574422,,"tsec:ttl:1,admiralty-scale:source-reliability=""a"",golden_ioc,admiralty-scale:information-credibility=""2"",tlp:amber+strict",,,,[CSIRT-ITA-CTI #24075][TLP:AMBER+STRICT] Condivisione di IoC riconducibili ad attore di minaccia avanzata cinese,CSIRT-Italia,CSIRT-Italia,4,High,0,2026-05-12,tlp:amber+strict,1778574434,2024-08-21
e181b200-1c9d-4579-836c-dcaf3fc38996,30411,Network activity,hostname,dvd.ssmandrou.com,,1,1778574423,,"tsec:ttl:1,admiralty-scale:source-reliability=""a"",golden_ioc,admiralty-scale:information-credibility=""2"",tlp:amber+strict",,,,[CSIRT-ITA-CTI #24075][TLP:AMBER+STRICT] Condivisione di IoC riconducibili ad attore di minaccia avanzata cinese,CSIRT-Italia,CSIRT-Italia,4,High,0,2026-05-12,tlp:amber+strict,1778574434,2024-08-21
c5b56a00-7c50-4716-bc61-7161863e4152,30411,Network activity,hostname,beam.ssmandrou.com,,1,1778574423,,"tsec:ttl:1,admiralty-scale:source-reliability=""a"",golden_ioc,admiralty-scale:information-credibility=""2"",tlp:amber+strict",,,,[CSIRT-ITA-CTI #24075][TLP:AMBER+STRICT] Condivisione di IoC riconducibili ad attore di minaccia avanzata cinese,CSIRT-Italia,CSIRT-Italia,4,High,0,2026-05-12,tlp:amber+strict,1778574434,2024-08-21
b5ac6cb7-83b5-4ae8-8493-7b172cf8113f,30411,Network activity,hostname,roundcube.ssmandrou.com,,1,1778574423,,"tsec:ttl:1,admiralty-scale:source-reliability=""a"",golden_ioc,admiralty-scale:information-credibility=""2"",tlp:amber+strict",,,,[CSIRT-ITA-CTI #24075][TLP:AMBER+STRICT] Condivisione di IoC riconducibili ad attore di minaccia avanzata cinese,CSIRT-Italia,CSIRT-Italia,4,High,0,2026-05-12,tlp:amber+strict,1778574434,2024-08-21
a34c86eb-21a4-4864-aba6-9d8c7a3f2441,30411,Network activity,hostname,yp.ssmandrou.com,,1,1778574424,,"tsec:ttl:1,admiralty-scale:source-reliability=""a"",golden_ioc,admiralty-scale:information-credibility=""2"",tlp:amber+strict",,,,[CSIRT-ITA-CTI #24075][TLP:AMBER+STRICT] Condivisione di IoC riconducibili ad attore di minaccia avanzata cinese,CSIRT-Italia,CSIRT-Italia,4,High,0,2026-05-12,tlp:amber+strict,1778574434,2024-08-21
02dc0722-0648-411b-a727-a15be7bb524b,30411,Network activity,hostname,spirit.ssmandrou.com,,1,1778574424,,"tsec:ttl:1,admiralty-scale:source-reliability=""a"",golden_ioc,admiralty-scale:information-credibility=""2"",tlp:amber+strict",,,,[CSIRT-ITA-CTI #24075][TLP:AMBER+STRICT] Condivisione di IoC riconducibili ad attore di minaccia avanzata cinese,CSIRT-Italia,CSIRT-Italia,4,High,0,2026-05-12,tlp:amber+strict,1778574434,2024-08-21
c9e9e173-c86f-4338-aec0-010ff626254f,30411,Network activity,hostname,teacher.ssmandrou.com,,1,1778574425,,"admiralty-scale:source-reliability=""a"",tsec:ttl:1,golden_ioc,admiralty-scale:information-credibility=""2"",tlp:amber+strict",,,,[CSIRT-ITA-CTI #24075][TLP:AMBER+STRICT] Condivisione di IoC riconducibili ad attore di minaccia avanzata cinese,CSIRT-Italia,CSIRT-Italia,4,High,0,2026-05-12,tlp:amber+strict,1778574434,2024-08-21
258aebeb-6d48-4fdc-9f1f-2e15ddc09d5a,30411,Network activity,hostname,www.free.ssmandrou.com,,1,1778574425,,"tsec:ttl:1,admiralty-scale:source-reliability=""a"",golden_ioc,admiralty-scale:information-credibility=""2"",tlp:amber+strict",,,,[CSIRT-ITA-CTI #24075][TLP:AMBER+STRICT] Condivisione di IoC riconducibili ad attore di minaccia avanzata cinese,CSIRT-Italia,CSIRT-Italia,4,High,0,2026-05-12,tlp:amber+strict,1778574434,2024-08-21
9c04bca3-a47e-4350-b3c0-2a598136cfac,30411,Network activity,hostname,computers.ssmandrou.com,,1,1778574426,,"admiralty-scale:source-reliability=""a"",tsec:ttl:1,golden_ioc,admiralty-scale:information-credibility=""2"",tlp:amber+strict",,,,[CSIRT-ITA-CTI #24075][TLP:AMBER+STRICT] Condivisione di IoC riconducibili ad attore di minaccia avanzata cinese,CSIRT-Italia,CSIRT-Italia,4,High,0,2026-05-12,tlp:amber+strict,1778574434,2024-08-21
cbf43e31-93ea-48a8-a773-9880a8e9eaf3,30411,Artifacts dropped,sha256,67a7a928020fd9747fd39396aef08efad7b871b957f588476c05c7ee4ddada21,,1,1778574425,,"tsec:ttl:350,admiralty-scale:source-reliability=""a"",golden_ioc,tlp:amber+strict,admiralty-scale:information-credibility=""1""",,,,[CSIRT-ITA-CTI #24075][TLP:AMBER+STRICT] Condivisione di IoC riconducibili ad attore di minaccia avanzata cinese,CSIRT-Italia,CSIRT-Italia,4,High,0,2026-05-12,tlp:amber+strict,1778574434,2024-09-26
7d4b7a47-9f55-45b8-a507-ea65cf9a7a56,30411,Network activity,hostname,www.cdn.ssmandrou.com,,1,1778574427,,"tsec:ttl:1,admiralty-scale:source-reliability=""a"",golden_ioc,admiralty-scale:information-credibility=""2"",tlp:amber+strict",,,,[CSIRT-ITA-CTI #24075][TLP:AMBER+STRICT] Condivisione di IoC riconducibili ad attore di minaccia avanzata cinese,CSIRT-Italia,CSIRT-Italia,4,High,0,2026-05-12,tlp:amber+strict,1778574434,2024-08-21
26c94f8e-519d-4b15-b1ed-4e4665ac4b1b,30411,Artifacts dropped,sha256,14fc86b49941ce637053c896d86b95189c039b270d10259499d7aef0e34b8636,,1,1778574426,,"tsec:ttl:361,admiralty-scale:source-reliability=""a"",admiralty-scale:information-credibility=""1"",golden_ioc,tlp:amber+strict",,,,[CSIRT-ITA-CTI #24075][TLP:AMBER+STRICT] Condivisione di IoC riconducibili ad attore di minaccia avanzata cinese,CSIRT-Italia,CSIRT-Italia,4,High,0,2026-05-12,tlp:amber+strict,1778574434,2024-09-14
6a4f72ad-6422-4c56-bf2b-1e5e23d30130,30411,Network activity,hostname,relay.bouzay.xvz,,1,1778574426,,"tsec:ttl:1,admiralty-scale:source-reliability=""a"",golden_ioc,admiralty-scale:information-credibility=""2"",tlp:amber+strict",,,,[CSIRT-ITA-CTI #24075][TLP:AMBER+STRICT] Condivisione di IoC riconducibili ad attore di minaccia avanzata cinese,CSIRT-Italia,CSIRT-Italia,4,High,0,2026-05-12,tlp:amber+strict,1778574434,2024-02-11
ed1c06a6-173a-4e82-957b-4d3c4a26f953,30411,Network activity,hostname,na2uxz.sexidude.com,,1,1778574427,,"tsec:ttl:1,admiralty-scale:source-reliability=""a"",golden_ioc,admiralty-scale:information-credibility=""2"",tlp:amber+strict",,,,[CSIRT-ITA-CTI #24075][TLP:AMBER+STRICT] Condivisione di IoC riconducibili ad attore di minaccia avanzata cinese,CSIRT-Italia,CSIRT-Italia,4,High,0,2026-05-12,tlp:amber+strict,1778574434,2024-12-12
e7a321c4-12db-48df-ba6e-ab9efc43431a,30411,Network activity,hostname,present.ssmandrou.com,,1,1778574427,,"admiralty-scale:source-reliability=""a"",tsec:ttl:1,golden_ioc,tlp:amber+strict,admiralty-scale:information-credibility=""2""",,,,[CSIRT-ITA-CTI #24075][TLP:AMBER+STRICT] Condivisione di IoC riconducibili ad attore di minaccia avanzata cinese,CSIRT-Italia,CSIRT-Italia,4,High,0,2026-05-12,tlp:amber+strict,1778574434,2024-08-21
59bd2aa8-f0f0-4da5-a8df-5124610dcdd5,30411,Artifacts dropped,sha256,a588d2302902dff7c9ced4ed08183d33bfc1f071e45c88b859525d4835a1940a,,1,1778574428,,"admiralty-scale:source-reliability=""a"",golden_ioc,tsec:ttl:538,admiralty-scale:information-credibility=""1"",tlp:amber+strict",,,,[CSIRT-ITA-CTI #24075][TLP:AMBER+STRICT] Condivisione di IoC riconducibili ad attore di minaccia avanzata cinese,CSIRT-Italia,CSIRT-Italia,4,High,0,2026-05-12,tlp:amber+strict,1778574434,2024-03-22
86707358-bf9e-4182-a85d-a5e8896e34a1,30411,Network activity,hostname,vader.ssmandrou.com,,1,1778574428,,"tsec:ttl:1,admiralty-scale:source-reliability=""a"",golden_ioc,admiralty-scale:information-credibility=""2"",tlp:amber+strict",,,,[CSIRT-ITA-CTI #24075][TLP:AMBER+STRICT] Condivisione di IoC riconducibili ad attore di minaccia avanzata cinese,CSIRT-Italia,CSIRT-Italia,4,High,0,2026-05-12,tlp:amber+strict,1778574434,2024-08-21
fb9da24d-e153-4317-97e5-241f6eec4893,30411,Network activity,hostname,kvm2.ssmandrou.com,,1,1778574429,,"admiralty-scale:source-reliability=""a"",golden_ioc,tsec:ttl:1,admiralty-scale:information-credibility=""2"",tlp:amber+strict",,,,[CSIRT-ITA-CTI #24075][TLP:AMBER+STRICT] Condivisione di IoC riconducibili ad attore di minaccia avanzata cinese,CSIRT-Italia,CSIRT-Italia,4,High,0,2026-05-12,tlp:amber+strict,1778574434,2024-08-21
9637a5fe-69a0-447b-b071-6ac42473ef22,30411,Network activity,ip-dst,38.60.134.236,,1,1778574429,,"tsec:ttl:521,admiralty-scale:source-reliability=""a"",admiralty-scale:information-credibility=""2"",golden_ioc,tlp:amber+strict",,,,[CSIRT-ITA-CTI #24075][TLP:AMBER+STRICT] Condivisione di IoC riconducibili ad attore di minaccia avanzata cinese,CSIRT-Italia,CSIRT-Italia,4,High,0,2026-05-12,tlp:amber+strict,1778574434,2024-04-08
3611f89b-ca66-42a2-a4b3-8001c12841d5,30411,Network activity,hostname,cc116.iranicloudvipaoo.com,,1,1778574430,,"tsec:ttl:1,admiralty-scale:source-reliability=""a"",golden_ioc,admiralty-scale:information-credibility=""2"",tlp:amber+strict",,,,[CSIRT-ITA-CTI #24075][TLP:AMBER+STRICT] Condivisione di IoC riconducibili ad attore di minaccia avanzata cinese,CSIRT-Italia,CSIRT-Italia,4,High,0,2026-05-12,tlp:amber+strict,1778574434,2023-10-17
29be11b6-38ae-407f-ab08-5484153a2d5f,30411,Artifacts dropped,sha256,625ecc844d0db697cffd7f35d2777713a735baf9b9d90dacec61515769d60432,,1,1778574429,,"admiralty-scale:source-reliability=""a"",admiralty-scale:information-credibility=""1"",tsec:ttl:656,golden_ioc,tlp:amber+strict",,,,[CSIRT-ITA-CTI #24075][TLP:AMBER+STRICT] Condivisione di IoC riconducibili ad attore di minaccia avanzata cinese,CSIRT-Italia,CSIRT-Italia,4,High,0,2026-05-12,tlp:amber+strict,1778574434,2023-11-24
24bcf498-88cc-422e-b3ec-2c7f254fc84d,30411,Network activity,ip-dst,38.54.88.193,,1,1778574430,,"tsec:ttl:361,admiralty-scale:source-reliability=""a"",golden_ioc,tlp:amber+strict,admiralty-scale:information-credibility=""2""",,,,[CSIRT-ITA-CTI #24075][TLP:AMBER+STRICT] Condivisione di IoC riconducibili ad attore di minaccia avanzata cinese,CSIRT-Italia,CSIRT-Italia,4,High,0,2026-05-12,tlp:amber+strict,1778574434,2024-09-14
f1c1a41c-64fe-46f1-9710-1b71df34956f,30411,Network activity,hostname,ai.ssmandrou.com,,1,1778574431,,"tsec:ttl:1,admiralty-scale:source-reliability=""a"",golden_ioc,admiralty-scale:information-credibility=""2"",tlp:amber+strict",,,,[CSIRT-ITA-CTI #24075][TLP:AMBER+STRICT] Condivisione di IoC riconducibili ad attore di minaccia avanzata cinese,CSIRT-Italia,CSIRT-Italia,4,High,0,2026-05-12,tlp:amber+strict,1778574434,2024-08-21
d7c284ca-2942-49ee-9fe1-7b159a70276e,30411,Network activity,hostname,jpgx2.cpic2023.top,,1,1778574430,,"admiralty-scale:source-reliability=""a"",tsec:ttl:334,golden_ioc,tlp:amber+strict,admiralty-scale:information-credibility=""2""",,,,[CSIRT-ITA-CTI #24075][TLP:AMBER+STRICT] Condivisione di IoC riconducibili ad attore di minaccia avanzata cinese,CSIRT-Italia,CSIRT-Italia,4,High,0,2026-05-12,tlp:amber+strict,1778574434,2023-08-05
cbcd4bbb-59bb-46f2-9bcd-e8c63e1b1b94,30411,Network activity,hostname,calypso.ssmandrou.com,,1,1778574431,,"admiralty-scale:source-reliability=""a"",tsec:ttl:1,golden_ioc,admiralty-scale:information-credibility=""2"",tlp:amber+strict",,,,[CSIRT-ITA-CTI #24075][TLP:AMBER+STRICT] Condivisione di IoC riconducibili ad attore di minaccia avanzata cinese,CSIRT-Italia,CSIRT-Italia,4,High,0,2026-05-12,tlp:amber+strict,1778574434,2024-08-21
c68eba42-14b9-44f0-88cb-8a8a88ed516a,30411,Network activity,hostname,sentry.ssmandrou.com,,1,1778574432,,"tsec:ttl:1,admiralty-scale:source-reliability=""a"",golden_ioc,admiralty-scale:information-credibility=""2"",tlp:amber+strict",,,,[CSIRT-ITA-CTI #24075][TLP:AMBER+STRICT] Condivisione di IoC riconducibili ad attore di minaccia avanzata cinese,CSIRT-Italia,CSIRT-Italia,4,High,0,2026-05-12,tlp:amber+strict,1778574434,2024-08-21
a514df02-3153-49d1-915c-61f6904f9813,30411,Network activity,hostname,emvl.bouzay.xvz,,1,1778574432,,"tsec:ttl:1,admiralty-scale:source-reliability=""a"",golden_ioc,admiralty-scale:information-credibility=""2"",tlp:amber+strict",,,,[CSIRT-ITA-CTI #24075][TLP:AMBER+STRICT] Condivisione di IoC riconducibili ad attore di minaccia avanzata cinese,CSIRT-Italia,CSIRT-Italia,4,High,0,2026-05-12,tlp:amber+strict,1778574434,2023-11-25
897e5928-f8f3-471c-bf65-a34a02bf2cb2,30411,Network activity,hostname,web1.aqwerty.shop,,1,1778574433,,"tsec:ttl:1,admiralty-scale:source-reliability=""a"",golden_ioc,admiralty-scale:information-credibility=""2"",tlp:amber+strict",,,,[CSIRT-ITA-CTI #24075][TLP:AMBER+STRICT] Condivisione di IoC riconducibili ad attore di minaccia avanzata cinese,CSIRT-Italia,CSIRT-Italia,4,High,0,2026-05-12,tlp:amber+strict,1778574434,2023-11-15
146c6f5b-dc20-4816-a44e-d95f77056743,30411,Network activity,hostname,www.katalog.ssmandrou.com,,1,1778574432,,"tsec:ttl:1,admiralty-scale:source-reliability=""a"",golden_ioc,admiralty-scale:information-credibility=""2"",tlp:amber+strict",,,,[CSIRT-ITA-CTI #24075][TLP:AMBER+STRICT] Condivisione di IoC riconducibili ad attore di minaccia avanzata cinese,CSIRT-Italia,CSIRT-Italia,4,High,0,2026-05-12,tlp:amber+strict,1778574434,2024-08-21
9e000c26-b124-4f46-91ed-7a20f8409d99,30411,Network activity,hostname,www.german.ssmandrou.com,,1,1778574433,,"tsec:ttl:1,admiralty-scale:source-reliability=""a"",golden_ioc,admiralty-scale:information-credibility=""2"",tlp:amber+strict",,,,[CSIRT-ITA-CTI #24075][TLP:AMBER+STRICT] Condivisione di IoC riconducibili ad attore di minaccia avanzata cinese,CSIRT-Italia,CSIRT-Italia,4,High,0,2026-05-12,tlp:amber+strict,1778574434,2024-08-21
fb682c48-0049-4943-ab23-f0664bfacead,30411,Network activity,hostname,www.rebecca.users.ssmandrou.com,,1,1778574433,,"tsec:ttl:1,admiralty-scale:source-reliability=""a"",admiralty-scale:information-credibility=""2"",tlp:amber+strict,golden_ioc",,,,[CSIRT-ITA-CTI #24075][TLP:AMBER+STRICT] Condivisione di IoC riconducibili ad attore di minaccia avanzata cinese,CSIRT-Italia,CSIRT-Italia,4,High,0,2026-05-12,tlp:amber+strict,1778574434,2024-08-21
162f6f9e-7136-42ff-b109-33f552d85c22,30411,Artifacts dropped,sha256,dcf798949ea18daec2f6764eeff17b4a61a35399a5de7ede557f4aa81534be6e,,1,1778574434,,"admiralty-scale:source-reliability=""a"",golden_ioc,tsec:ttl:538,admiralty-scale:information-credibility=""1"",tlp:amber+strict",,,,[CSIRT-ITA-CTI #24075][TLP:AMBER+STRICT] Condivisione di IoC riconducibili ad attore di minaccia avanzata cinese,CSIRT-Italia,CSIRT-Italia,4,High,0,2026-05-12,tlp:amber+strict,1778574434,2024-03-22
e8a310bb-02dd-4535-bae3-446fc8dbc2f6,30411,Network activity,hostname,czifaapnwqgdj.com,,1,1778574434,,"admiralty-scale:source-reliability=""a"",admiralty-scale:information-credibility=""2"",golden_ioc,tsec:ttl:14,tlp:amber+strict",,,,[CSIRT-ITA-CTI #24075][TLP:AMBER+STRICT] Condivisione di IoC riconducibili ad attore di minaccia avanzata cinese,CSIRT-Italia,CSIRT-Italia,4,High,0,2026-05-12,tlp:amber+strict,1778574434,2024-10-17
